Galaxy,T,V_flat,burk_a_kpc,burk_bic,burk_chi2,burk_chi2_red,burk_rho0,fw_best_bic,fw_best_chi2,fw_best_chi2_red,fw_best_n_shells,fw_n0_bic,fw_n0_chi2,fw_n0_chi2_red,fw_n1_M_sh1,fw_n1_bic,fw_n1_chi2,fw_n1_chi2_red,fw_n1_r_sh1_kpc,fw_n1_sigma_sh1_kpc,fw_n2_M_sh1,fw_n2_M_sh2,fw_n2_bic,fw_n2_chi2,fw_n2_chi2_red,fw_n2_r_sh1_kpc,fw_n2_r_sh2_kpc,fw_n2_sigma_sh1_kpc,fw_n2_sigma_sh2_kpc,is_clean,logM_halo,logM_star,n_excluded,n_pts_total,n_pts_used,nfw_bic,nfw_chi2,nfw_chi2_red,nfw_r_s_kpc,nfw_rho_s,ratio_fw_over_burk,ratio_fw_over_nfw
ESO079-G014,4,175.0,8.029104411232685,18.732513615706576,13.316413213502155,1.0243394779617043,32069384.1192912,16.144665639369972,2.6044146338589207,0.2604414633858921,1,18.732513615706576,13.316413213502155,1.0243394779617043,23592931517.633717,16.144665639369972,2.6044146338589207,0.2604414633858921,6.361532861964368,2.017009375634286,10076030453.791357,2455876336.733913,24.18971616190445,2.5253145530867704,0.3607592218695386,6.429626416532471,3.56503247522388,0.8679650362962216,0.244737432058097,True,12.152458642707415,10.412737668240323,0,15,15,54.91149705451474,49.49539665231032,3.807338204023871,68.21747054741157,1030414.7672734717,0.19557928941542446,0.052619330483481504
ESO116-G012,7,109.1,3.638672747809424,15.54978601717692,10.1336856149725,0.7795142780748077,66532905.7684749,15.54978601717692,10.1336856149725,0.7795142780748077,0,15.54978601717692,10.1336856149725,0.7795142780748077,3050556903.3024607,18.513099537426754,4.972848531915702,0.4972848531915702,4.425449701117876,1.6190702465855755,1741635470.2800987,2849095188.8783636,24.8194093049657,3.155007696148019,0.4507153851640027,2.158709910007733,3.985996302080157,0.8149408930603919,0.2866000248547365,True,11.53681874841356,9.331629717629932,0,15,15,35.814578157115335,30.398477754910918,2.338344442685455,24.04646081360211,2793553.801857206,1.0,0.3333616142451537
ESO563-G021,4,314.6,8.723264440653686,174.6626590334419,168.07098530143324,6.722839412057329,83788777.79692943,30.5526998405584,4.186004912523767,0.22031604802756669,2,174.6626590334419,168.07098530143324,6.722839412057329,79874104261.00839,41.646428933509966,25.167244603488324,1.1439656637949238,6.313864983280341,1.534215609106575,98612242877.01892,18171417365.95874,30.5526998405584,4.186004912523767,0.22031604802756669,7.725475478158285,4.688902156646915,2.1100485887098563,0.395029140158731,False,12.91662065151034,11.191977493867602,3,30,27,367.54933498559205,360.9576612535834,14.438306450143337,33.054111454744955,6681813.205197668,0.02490617226415505,0.011596941585852573
F568-V1,7,112.3,2.992960829210267,6.113151822583154,0.6970514203787336,0.05361934002913335,114107756.41358398,6.113151822583154,0.6970514203787336,0.05361934002913335,0,6.113151822583154,0.6970514203787336,0.05361934002913335,1063493171.1648453,14.065557453429353,0.5253064479183012,0.05253064479183012,5.0489419243871945,0.07629260605677853,3931073578.281944,11428301860.223763,21.680870617837435,0.01646900901975529,0.002352715574250756,2.100771084902958,4.755382474239223,0.6778088313877024,1.2837781147204241,True,11.574483765432907,9.281601443825656,0,15,15,8.240021207925697,2.8239208057212775,0.2172246773631752,8.012874819928658,17230663.69470997,1.0,0.24683816166746034
F571-8,5,139.7,8.157272934566318,13.70317494875086,9.30872579407842,1.3298179705826314,29068745.066364277,13.70317494875086,9.30872579407842,1.3298179705826314,0,13.70317494875086,9.30872579407842,1.3298179705826314,15977931463.732523,14.320203985225463,3.334081098544365,0.8335202746360912,6.2197164376376,1.7314331613681433,5411816518.739558,23428703177.82741,17.628182525571425,0.050385906881669086,0.050385906881669086,4.5524296558827855,7.649146094018044,0.45190980647075446,2.1370034283703347,False,11.85893371499108,9.70603466071435,4,13,9,27.75439220956099,23.35994305488855,3.337134722126936,86.0053730647367,746931.0931876488,1.0,0.3984909454704504
F571-V1,7,83.6,5.440086177585878,4.0487449792898,0.15692468117917271,0.03138493623583454,17634953.418500338,4.0487449792898,0.15692468117917271,0.03138493623583454,0,4.0487449792898,0.15692468117917271,0.03138493623583454,1055307711.0028899,9.746125752539712,0.016575007263146934,0.008287503631573467,3.917213363935407,0.1332153885188918,2362839074.5586324,11325824310.705866,15.567986399336338,0.0007052068938325049,0.0007052068938325049,3.9110233763505042,8.090755310868241,0.2407331959142191,3.15244072411152,True,11.189963328965584,8.965906915495191,0,7,7,5.485680934274249,1.5938606361636232,0.31877212723272463,26.16328361134044,1150215.4932787295,1.0,0.0984557103793503
F574-1,7,97.8,3.5408736135661827,6.409047089074895,1.1309324298443786,0.09424436915369822,53940499.73553294,6.409047089074895,1.1309324298443786,0.09424436915369822,0,6.409047089074895,1.1309324298443786,0.09424436915369822,1604620439.9401152,13.280667790124204,0.08538114204791059,0.009486793560878955,2.8210862685455083,0.8246686895261982,1705328435.1027973,2338533000.839062,21.128215223981826,0.015756587059757996,0.002626097843292999,3.0082255193309795,8.412177439753819,0.8109957693556282,1.7401056864037043,True,11.394361061011338,9.514348489301938,0,14,14,25.00279381116654,19.724679151936023,1.6437232626613352,15.908198076629645,3600211.893340865,1.0,0.057335910061349464
F583-1,9,85.8,4.588203947974259,10.918554894065508,4.480803244329108,0.19481753236213512,25830814.683669746,10.918554894065508,4.480803244329108,0.19481753236213512,0,10.918554894065508,4.480803244329108,0.19481753236213512,1289391158.993747,18.636298157239953,2.54191903289895,0.1270959516449475,3.4943778192548502,1.0602922595296553,617904753.5662286,2886764880.916893,27.38294480519733,1.631938206251726,0.09599636507363095,2.2067954316499687,4.487451534532764,0.5282763791748706,1.3682136448043851,True,11.22380636019465,8.69284691927723,0,25,25,42.39528780296691,35.957536153230514,1.563371137096979,29.88163738364087,1059542.650034284,1.0,0.12461374509183498
IC2574,9,66.4,10.817278803042761,48.87325262039341,41.820531571161084,1.3068916115987839,4475181.534475452,33.865118456004765,16.233315832923957,0.5597695114801364,1,48.87325262039341,41.820531571161084,1.3068916115987839,3756015168.68245,33.865118456004765,16.233315832923957,0.5597695114801364,7.875890798446106,1.2443965398822934,646644891.3056678,3279169998.931814,40.81608058456948,12.605196387640182,0.48481524567846856,6.2641713644695525,8.528254792479663,0.2500179903488612,1.0580720071825052,True,10.889848734752588,8.70586371228392,0,34,34,171.31635000499338,164.26362895576105,5.133238404867533,499.99999999996106,20816.710464507552,0.3881661763505237,0.09882477293434118
IC4202,4,242.6,6.556600890462001,92.24368741930842,85.50909575933547,3.167003546642054,67070145.92413735,35.204083730936624,8.265717091044833,0.39360557576403965,2,92.24368741930842,85.50909575933547,3.167003546642054,35449613299.98368,48.53656038954595,31.700081239613578,1.3208367183172325,5.412303991193065,1.4333364100114467,11875405510.507639,26111131905.4397,35.204083730936624,8.265717091044833,0.39360557576403965,3.925190794891922,6.29501762097986,0.04133154547524633,0.8726077329144601,False,12.578016886240198,10.9536364872814,3,32,29,135.25665065677342,128.52205899680047,4.760076259140758,24.41568680676633,5943654.825117352,0.09666477019367173,0.06431360620553556
NGC0024,5,106.3,1.547108646470732,27.882619421423698,21.14802776145075,0.7832602874611388,384963086.2111849,19.958181207336356,3.121702057403987,0.13007091905849946,1,27.882619421423698,21.14802776145075,0.7832602874611388,12243933471.15765,19.958181207336356,3.121702057403987,0.13007091905849946,9.44269081898906,1.751082289732007,1014011238.5830604,3779346644.414389,27.55065802915831,0.6122913892665153,0.029156732822215013,0.7396225093891103,1.9406903795758614,0.2120767427942098,0.5477749785412614,True,11.502944290218425,9.28880794748348,0,29,29,31.877065443133276,25.142473783160327,0.9312027327096417,4.259937919065017,47513536.95640372,0.14761197084743372,0.12416049766331302
NGC0055,9,85.6,6.798098936105254,15.264844191214316,9.175799315767469,0.48293680609302464,11695677.523069194,15.264844191214316,9.175799315767469,0.48293680609302464,0,15.264844191214316,9.175799315767469,0.48293680609302464,4232694282.2944646,16.931167848823016,1.7085556602059002,0.10678472876286876,5.66909023142816,1.8993962723277582,1208632861.7019055,962108552.0117694,24.975415792879758,0.619236291092373,0.04763356085325946,6.747236550204287,4.101905975297687,0.06763258807321136,0.667527872460105,True,11.220765790679994,9.364363354615731,0,21,21,59.12498200702029,53.03593713157345,2.791365112188076,345.1443897571137,54130.486749820775,1.0,0.17301097731155043
NGC0100,6,88.1,4.737039354047202,7.7144656778696366,1.625420802422791,0.08554846328541005,27482929.52217859,7.7144656778696366,1.625420802422791,0.08554846328541005,0,7.7144656778696366,1.625420802422791,0.08554846328541005,331084080.4792208,16.360456157909635,1.1378439692925206,0.07111524808078254,3.4263623299745922,0.05945515294696029,818213670.2903682,3629778122.9523363,24.806806754141025,0.450627252353642,0.034663634796434,3.585115730925999,8.190544075102903,0.45990223597309554,1.1026289287560107,True,11.258272221884678,9.208441356438568,0,21,21,20.465894133054647,14.376849257607802,0.7566762767162001,462.4421818651055,64863.0128755336,1.0,0.11305820721203337
NGC0247,7,104.9,3.156103749381639,99.4889234467296,92.97273037068663,3.8738637654452766,50929873.87860606,17.655969907963467,1.3654872178560549,0.06502320085028833,1,99.4889234467296,92.97273037068663,3.8738637654452766,1917098879.9608123,17.655969907963467,1.3654872178560549,0.06502320085028833,2.04449829599143,0.7561130710451548,2225049772.1894517,6415131822.608438,26.47093920763791,0.4061669034660545,0.022564827970336362,2.1472348371003522,7.971707338108284,0.7792560038471892,2.597217781793647,True,11.485670961229207,9.564192460626195,0,26,26,46.45510102912483,39.938907953081866,1.6641211647117444,22.15703508263592,1965438.4624311414,0.014686964795072635,0.034189397953999084
NGC0289,4,163.0,9.854168204897986,74.18837266490654,67.52396364455613,2.5970755247906205,20135544.19215617,37.313033093985354,20.652010543109338,0.8979135018743191,1,74.18837266490654,67.52396364455613,2.5970755247906205,127784556416.48854,37.313033093985354,20.652010543109338,0.8979135018743191,34.51998736200144,5.90503830036806,19719500687.014137,159438933577.42755,39.76357800832107,13.105941926919439,0.6552970963459719,9.414063001160033,34.27916748023006,0.11674775254544775,7.02525088154882,True,12.059907309860408,10.556694395304326,0,28,28,57.43184581419879,50.76743679384838,1.9525937228403225,19.461023215557262,5045026.22038749,0.3058471308322602,0.40679640035739983
NGC0300,7,93.3,3.7878764309626924,19.85482505399036,13.417073404253959,0.5833510175762591,45866159.05511878,19.85482505399036,13.417073404253959,0.5833510175762591,0,19.85482505399036,13.417073404253959,0.5833510175762591,3429671968.676787,21.6643519264988,5.569972802157796,0.2784986401078898,9.017186639291705,0.24750871901519175,1445982600.6461775,7539593725.313222,27.766471816145366,2.0154652171997616,0.11855677748233892,3.227656869453682,8.61614271873811,0.06623061692136277,1.0304506964556255,True,11.332989427888034,9.164650215934296,0,25,25,21.325317748836078,14.887566099099676,0.6472854825695511,20.195605011673123,2447105.803157016,1.0,0.901226789855553
NGC0801,5,220.1,12.671138210535645,134.4566422913399,129.66085174574317,14.406761305082576,13721604.653364351,14.481661517578104,2.49218515358625,0.415364192264375,1,134.4566422913399,129.66085174574317,14.406761305082576,444749503264.43604,14.481661517578104,2.49218515358625,0.415364192264375,46.98384379864382,20.056444754582625,10555819230.478407,58578208881.68423,19.402629013980356,0.2194668315933898,0.07315561053112994,2.0916115829607267,11.999999999999998,0.9609393210205276,5.569516472204243,False,12.45120462430858,11.193917297086106,2,13,11,72.80443722467805,68.00864667908131,7.556516297675701,21.416934012070584,4752044.780835701,0.01922079887669772,0.03664512198494928
NGC0891,3,216.1,12.00881272493963,38.14313475727621,32.86502009804569,2.738751674837141,17976546.83793766,15.629199183326985,2.4339125352506934,0.2704347261389659,1,38.14313475727621,32.86502009804569,2.738751674837141,36945088137.846855,15.629199183326985,2.4339125352506934,0.2704347261389659,8.759431672686521,1.622988269965763,22548326918.71018,10829247859.193396,22.181433949308047,1.0689753123859806,0.1781625520643301,9.466097163115373,6.984141867500995,0.9554373234151176,0.07111492768436332,False,12.427308797298258,10.83991777567868,4,18,14,53.307894190593224,48.029779531362706,4.002481627613559,499.9999999131606,110664.81640523423,0.07405784411479564,0.05067507198656588
NGC1003,6,109.8,9.336391396690544,195.68970369892273,188.5226658220105,5.544784288882662,10372132.666291377,39.07964394692378,10.411492439274905,0.37183901568838945,2,195.68970369892273,188.5226658220105,5.544784288882662,9589221873.120605,48.42429175230252,30.50669706002197,0.9840870019361926,5.23450253857621,1.8826280066713117,13907371741.87736,15070195747.668322,39.07964394692378,10.411492439274905,0.37183901568838945,5.885333681347539,16.340598594988574,2.1661674169492255,2.0572919791977373,True,11.545151516990751,9.532754378992498,0,36,36,94.46496488263327,87.29792700572105,2.5675860884035604,29.669309647096796,1209813.3754235003,0.055226741006859544,0.1192639137764702
NGC1090,4,164.4,7.163803192076718,43.93781694258461,37.75573203586798,1.8877866017933989,28768147.072879247,24.33647836418399,8.881266097392407,0.522427417493671,1,43.93781694258461,37.75573203586798,1.8877866017933989,18166554696.770718,24.33647836418399,8.881266097392407,0.522427417493671,4.657127025458815,1.0381360980194196,18141122662.13861,3770252215.407125,31.63964890526932,6.91130927840279,0.49366494845734216,4.666207571205219,19.02139907851721,1.0409160705794103,1.0751664367976697,False,12.071049936260628,10.556573850030665,2,24,22,46.82652507868579,40.64444017196916,2.032222008598458,19.10514443192363,4250289.085934852,0.2352296093466072,0.21851121727388093
NGC2403,6,131.2,3.705781476857178,1359.6138375716662,1351.0329186893694,19.028632657596752,81962139.25436457,114.42656883624645,80.10289330705932,1.2323522047239894,2,1359.6138375716662,1351.0329186893694,19.028632657596752,762373347.8166848,193.62975670797627,172.1774595022343,2.5320214632681517,0.803067504612695,0.3130966155478969,44514409247.18862,13101971112.550333,114.42656883624645,80.10289330705932,1.2323522047239894,13.23193627346445,5.192963938148279,3.642203629561701,1.3085768416662544,True,11.77714600176746,9.70074697141346,0,73,73,355.9876675100195,347.4067486277227,4.893052797573559,14.055840390492559,6810494.727896956,0.059290112179329245,0.23057379749665344
NGC2683,3,154.0,3.9724783829448747,11.021381341119248,6.225590795522508,0.691732310613612,112155433.73828346,11.021381341119248,6.225590795522508,0.691732310613612,0,11.021381341119248,6.225590795522508,0.691732310613612,48633108900.9267,17.220246354589964,5.23076999059811,0.8717949984330183,6.620639181479358,3.173540779748314,9409672455.136322,25953047958.868492,23.570685389432743,4.387523207045778,1.4625077356819258,8.327069451300925,26.953014856924128,0.5417687013254994,0.6644924690743188,True,11.985906659157925,10.604307070617006,0,11,11,12.43360402471577,7.637813479119028,0.8486459421243365,6.7807749702310725,36882453.05596119,1.0,0.8151011821043564
NGC2841,3,284.8,6.0484655032770345,343.5196292170466,335.6955832061903,6.993657983462298,169084788.14057884,44.965035589955626,13.668851546530458,0.32544884634596327,2,343.5196292170466,335.6955832061903,6.993657983462298,999999999999.9999,59.40662428912897,39.846509261988245,0.8854779835997388,63.420896780227146,21.154023827029484,388186550517.23016,128617154930.64214,44.965035589955626,13.668851546530458,0.32544884634596327,51.39387810885454,25.8765336150049,6.035266018275574,5.54833163476662,True,12.78696445154299,10.97340728300738,0,50,50,168.1544235055334,160.33037749467712,3.3402161978057734,11.470170812281529,43548934.63877465,0.040717996394175976,0.08525428406094944
NGC2903,4,184.6,6.765686911744841,59.02766407826883,52.29307241829588,1.9367804599368843,45333489.948091865,37.933728319184695,21.09724916925233,0.879052048718847,1,59.02766407826883,52.29307241829588,1.9367804599368843,19597078696.9586,37.933728319184695,21.09724916925233,0.879052048718847,7.0312917735428915,2.1067688480614453,27369419896.618153,62435598945.37637,45.66759916911096,18.729232529219164,0.8918682156771031,6.892297324437638,12.92447722474567,2.0474952956013115,5.0736656920991985,False,12.222039586718214,10.612057660349793,5,34,29,164.84610022936334,158.1115085693904,5.855981798866311,18.39379531873576,6827965.317793906,0.40344252486245186,0.13343272327322953
NGC2976,5,85.4,3.3148266973941665,12.067090959510526,5.710983298814634,0.25959014994611973,83707766.50453162,12.067090959510526,5.710983298814634,0.25959014994611973,0,12.067090959510526,5.710983298814634,0.25959014994611973,573298131.6381757,21.233413535273886,5.343144383534159,0.28121812544916625,1.3352318174168483,0.47006963936111773,469047534.84370255,1258917810.7410958,30.884027826525546,5.45959718374198,0.34122482398387377,11.956147485477242,1.7080957611182273,0.8166023363309847,0.561865401176721,False,11.21771810871555,9.226728756856993,3,27,24,39.02724912622004,32.67114146552415,1.4850518847965524,499.99999999913337,89780.11788829906,1.0,0.17480207432731065
NGC2998,5,209.9,9.835266954168961,66.2497740286352,61.11987531371212,5.556352301246556,26182816.225747526,16.879072232906324,4.054325445598641,0.5067906806998301,1,66.2497740286352,61.11987531371212,5.556352301246556,17013768591.965336,16.879072232906324,4.054325445598641,0.5067906806998301,2.2543504311239353,1.075838369844492,14865977849.401749,87047305207.71463,23.02303070902417,2.503435849331874,0.5006871698663747,2.128258081747959,27.006843432761315,1.020539066947312,8.096718973494806,True,12.389381812395737,10.877665000130216,0,13,13,32.144814533475106,27.01491581855203,2.4559014380501845,17.210709298745957,8510254.259274911,0.06633399405330694,0.1500772933304646
NGC3109,9,66.2,4.6819461467899,9.864807034245707,3.427055384509307,0.14900240802214376,21153866.804470573,9.864807034245707,3.427055384509307,0.14900240802214376,0,9.864807034245707,3.427055384509307,0.14900240802214376,359269328.3575291,18.403720382450015,2.309341258109011,0.11546706290545054,2.219185182661312,0.7262928290249012,150322074.65249535,2410866553.80049,27.2419524823381,1.4909458833924936,0.08770269902308786,1.8024452257050076,5.088193594247933,0.28433136336150505,1.4440226667814753,True,10.885918464967634,7.986771734266245,0,25,25,158.94924056128653,152.51148891155012,6.630934300502179,499.99999999989745,42370.925165592525,1.0,0.022470801439076152
NGC3198,5,150.1,6.696269232646883,75.30719108070785,67.92943217247998,1.7876166361178942,34345557.705943584,37.00447166732794,18.56007439675826,0.5302878399073788,1,75.30719108070785,67.92943217247998,1.7876166361178942,677611832848.8344,37.00447166732794,18.56007439675826,0.5302878399073788,79.99999999999915,24.18957136146437,28984042734.579834,109324857567.78648,42.05617829829825,12.545142665386763,0.39203570829333634,12.615482850601893,38.41406788808449,4.620748895785301,10.915658269508786,False,11.952486573378346,10.281930588086734,3,43,40,58.32570275415799,50.94794384593011,1.3407353643665818,16.183444641012805,5793936.957600827,0.2732258139539909,0.3642948664009902
NGC3521,4,213.7,5.665716212311973,38.33459754975973,30.90745341635111,0.7924988055474643,71836502.73786022,20.782298770541857,2.2144384370203176,0.061512178806119935,1,38.33459754975973,30.90745341635111,0.7924988055474643,2793545364.806406,20.782298770541857,2.2144384370203176,0.061512178806119935,1.092071706255865,0.47245665591610786,3985659602.1135297,18362728895.883194,30.791229721534837,1.0826531879003718,0.032807672360617324,1.3119207145800202,6.244542029487689,0.6074220143557486,1.2914501909407863,True,12.412758063140744,10.627550187767522,0,41,41,20.173070131758653,12.745925998350037,0.32681861534230866,27.957256516728155,4274734.438841937,0.07164739220633438,0.17373696013196507
NGC3726,5,168.0,12.75952305283469,29.214183282389396,24.244369982813396,2.4244369982813394,9191219.288853958,18.010365005296563,5.58583175635656,0.7979759651937943,1,29.214183282389396,24.244369982813396,2.4244369982813394,17697929226.12658,18.010365005296563,5.58583175635656,0.7979759651937943,7.265215748763468,1.3441041532966553,11157737359.744146,6056331659.71143,24.94364523015883,5.064392031854825,1.2660980079637063,6.667072328036585,8.072952225720911,1.587113693723872,0.08601335127485724,True,12.099272341826122,10.545517407601492,0,12,12,25.395363638961236,20.425550339385236,2.0425550339385237,141.01767770992316,219466.8177252358,0.23039706786838773,0.27347276639032686
NGC3769,3,118.6,6.533191146732119,10.43777936208641,5.641988816489667,0.6268876462766297,22870875.745616954,10.43777936208641,5.641988816489667,0.6268876462766297,0,10.43777936208641,5.641988816489667,0.6268876462766297,15278612029.597258,12.548214176995577,0.5587378130037236,0.09312296883395393,6.086860363133755,1.6258396893179825,13737508667.150637,30212017878.300312,19.286039654041222,0.10287747165425533,0.03429249055141844,6.2129659429965045,17.431177724666842,1.5930566995542996,0.6973958979232056,False,11.645598563733266,9.970323626438503,1,12,11,13.020320345632772,8.22452980003603,0.9138366444484478,15.798957285473184,4042920.3899125285,1.0,0.6859953035205673
NGC3877,5,168.4,1.217018928306068,11.893078148195617,7.097287602598875,0.788587511399875,612510084.2649623,11.893078148195617,7.097287602598875,0.788587511399875,0,11.893078148195617,7.097287602598875,0.788587511399875,12669412095.132053,13.526834415312404,1.5373580513205498,0.2562263418867583,2.9886643298640716,0.8482907440196764,14299581823.476248,16864535625.326143,19.815532674423377,0.6323704920364132,0.2107901640121377,3.111091750587291,10.70944294535881,0.953550491266459,1.5915525503704455,False,12.102370758139427,10.559517619720909,2,13,11,12.563193488224048,7.767402942627307,0.863044771403034,1.5525812284933724,374814434.4476771,1.0,0.913727233545352
NGC3893,5,174.0,5.128264918629717,7.431992330958594,2.826822144970502,0.3533527681213128,69404693.34306891,7.431992330958594,2.826822144970502,0.3533527681213128,0,7.431992330958594,2.826822144970502,0.3533527681213128,8234060261.555322,12.735583613005911,1.22265814803568,0.24453162960713598,3.8218004366650082,0.6445996945355931,11747905025.794077,24798424207.77555,18.8989781949687,0.4782974510163327,0.23914872550816635,3.7806269992727883,9.95973201485724,0.6815275509597868,2.689502277351767,True,12.144992241496334,10.466311426704682,0,10,10,13.475097677815441,8.86992749182735,1.1087409364784186,17.464296469052815,7212881.801746195,1.0,0.31869732278816304
NGC3917,6,135.9,4.610238390512981,14.467315170018843,8.922137725539281,0.6372955518242344,52879380.324358836,14.467315170018843,8.922137725539281,0.6372955518242344,0,14.467315170018843,8.922137725539281,0.6372955518242344,2468585935.2653394,15.630318473489591,1.767374862290685,0.1606704420264259,2.685474452308488,0.10249773280475116,6863096777.50619,10263350325.264645,23.06761733066844,0.8869075527501905,0.11086344409377381,2.995651744290295,6.529264819828326,0.8194722173583574,1.2394124777518316,False,11.823002866846018,10.040720983601194,1,17,16,34.78992929394991,29.24475184947035,2.0889108463907395,20.121441380168374,3842167.2576087667,1.0,0.30508508916278837
NGC3949,4,163.0,11.56892908843688,5.9818357480093844,2.090015449898758,0.4180030899797516,25643235.577854026,5.9818357480093844,2.090015449898758,0.4180030899797516,0,5.9818357480093844,2.090015449898758,0.4180030899797516,18361151610.964325,10.350522959184472,0.6209722139079061,0.31048610695395307,5.58882648411664,1.0342904154436117,10156588040.288425,4229086651.3003945,16.283759077835494,0.7164778853929876,0.7164778853929876,5.389805094348208,3.8783862733799945,0.8443407267258025,2.6168158738242586,True,12.059907309860408,10.279518656438448,0,7,7,6.6548286452679815,2.7630083471573554,0.552601669431471,499.99999999999994,105934.10008516321,1.0,0.7564274831268651
NGC3953,4,220.8,3.404674631221639,5.262346993139207,1.1034639097795353,0.18391065162992257,152752492.0114446,5.262346993139207,1.1034639097795353,0.18391065162992257,0,5.262346993139207,1.1034639097795353,0.18391065162992257,30747273196.002388,10.672536157773948,0.2753284493747683,0.09177614979158943,4.627818559659573,2.0137918055031054,5622164223.442234,10701038961.417055,16.695053543666354,0.05952121022766739,0.05952121022766739,5.2667932812799965,12.59475002620271,0.13556913863990774,0.12661227249606732,True,12.455341703820018,10.849115239736914,0,8,8,5.761566966252833,1.602683882893161,0.26711398048219354,7.17419011209797,34727263.077784255,1.0,0.6885100184495304
NGC3972,4,132.7,3.895629850285015,10.895041012659231,6.28987082667114,0.7862338533338925,68902651.00749058,10.895041012659231,6.28987082667114,0.7862338533338925,0,10.895041012659231,6.28987082667114,0.7862338533338925,2254839778.9189353,12.963648881267284,1.450723416297054,0.2901446832594108,1.8497634095255846,0.44868823881158343,1398540187.5338926,4589958331.377985,19.02182975444994,0.601149010497573,0.3005745052487865,1.7409506650507671,7.035952709099999,0.017998250657074995,0.3348797247504687,True,11.79195726524184,9.855912689188244,0,10,10,13.766507943765813,9.161337757777721,1.1451672197222151,57.61533996874065,1157783.4616487585,1.0,0.68656685224068
NGC3992,4,241.0,6.802959881289417,9.363774431708558,4.969325277036119,0.7099036110051599,83956408.44547503,9.363774431708558,4.969325277036119,0.7099036110051599,0,9.363774431708558,4.969325277036119,0.7099036110051599,465621449765.7777,13.649642007240711,2.663519120559614,0.6658797801399035,79.97431511258979,49.39924517784706,45437804628.1304,11533633550.276278,20.066960110623878,2.489163491934123,2.489163491934123,0.3489999999999999,16.92304505601475,0.2703166617123332,0.17400014041015563,True,12.56939562437314,11.054865745013934,0,9,9,7.300596085750231,2.906146931077791,0.41516384729682726,11.506678831043951,28426574.279345635,1.0,1.7099360062958568
NGC4010,7,125.8,6.878653595167901,19.569771938830495,14.599958639254494,1.4599958639254493,24253346.67138931,13.551599504973275,1.1270662560332738,0.16100946514761055,1,19.569771938830495,14.599958639254494,1.4599958639254493,22534580032.970085,13.551599504973275,1.1270662560332738,0.16100946514761055,6.163870571533251,1.7089812283526318,17434911318.089085,1500997946.7053614,20.896026707696723,1.0167735093927217,0.2541933773481804,6.0056028440395846,11.999999999999993,1.5164989010576866,9.599999999844524,True,11.722386419976283,9.93432166751343,0,12,12,27.411361510254668,22.44154821067867,2.244154821067867,499.99999999999994,80494.80010164353,0.07719653759860406,0.050222303980657024
NGC4013,3,172.9,11.009718553621694,68.60261898611537,61.435581109203156,1.806928856153034,15899311.532572253,35.792687835994215,17.875093143713666,0.5766159078617312,1,68.60261898611537,61.435581109203156,1.806928856153034,72393896519.89627,35.792687835994215,17.875093143713666,0.5766159078617312,23.566755230567832,3.6436000338131405,16454255513.802628,68610724977.79264,45.67674517435102,17.00859366670214,0.6074497738107907,7.070026407627029,23.54674076600817,5.509024679155622,3.5515750952590346,True,12.136729476470302,10.597113543892805,0,36,36,40.96002424186392,33.7929863649517,0.9939113636750501,47.12437922073555,1216259.659962957,0.2909566870042342,0.5289586706149406
NGC4051,4,157.0,2.895883171321672,6.989133044626133,3.097312746515507,0.6194625493031014,73617867.01300985,6.989133044626133,3.097312746515507,0.6194625493031014,0,6.989133044626133,3.097312746515507,0.6194625493031014,11426397765.079859,10.486008635780257,0.7564578905036908,0.3782289452518454,4.213323458890072,1.0933219171916913,13191713515.641836,8335130959.799585,15.852014622932868,0.28473343049036254,0.28473343049036254,4.3799056623844335,10.743859505481517,1.2070127011253153,0.29386095412092034,True,12.011043453876235,10.677917052328027,0,7,7,7.854159903633765,3.962339605523139,0.7924679211046277,6.290350944328881,15836713.824624129,1.0,0.7816878548719388
NGC4085,5,131.5,6.09585682973553,4.482758427372581,1.2638826025043806,0.4212942008347935,27930684.413429018,4.482758427372581,1.2638826025043806,0.4212942008347935,0,4.482758427372581,1.2638826025043806,0.4212942008347935,1850560623.7528577,8.611095873139819,0.5639063109693174,0.5639063109693174,2.757055449414399,0.12598787298632572,1017784892.6233912,8503189657.217863,13.462727075531618,0.5872237760588149,0.5872237760588149,2.9662256645049316,6.425306990619089,0.599636539287251,0.660426237697637,False,11.780121755125863,10.03590979845661,2,7,5,4.583685484210935,1.3648096593427346,0.45493655311424486,499.99999999993867,84418.47204956152,1.0,0.9260504524220919
NGC4088,4,171.7,199.99999999999997,6.087889309151591,1.6934401544791517,0.24192002206845026,1960409.2286907334,6.087889309151591,1.6934401544791517,0.24192002206845026,0,6.087889309151591,1.6934401544791517,0.24192002206845026,152233165775.66733,11.498503534466298,0.5123806477851999,0.12809516194629997,21.334192883660275,5.884101618598806,37427513766.85352,37764345470.048935,17.728801772446094,0.15100515375633664,0.15100515375633664,19.30063268447712,14.533222078348697,0.26794394396701404,2.52501827222887,False,12.127655382131284,10.729513057900906,3,12,9,14.148254930645365,9.753805775972925,1.3934008251389893,499.99999999999994,42239.39480811368,1.0,0.17361840017879934
NGC4100,4,158.2,3.7370849069448067,19.852981940420243,13.496874279724352,0.613494285442016,128980625.71041389,19.852981940420243,13.496874279724352,0.613494285442016,0,19.852981940420243,13.496874279724352,0.613494285442016,13969475914.410505,22.5066143554643,6.616345203724572,0.34822869493287223,10.045653292934155,0.9203014134790655,13542569853.13105,21178921318.807816,29.22133424011854,3.7969035973349743,0.2373064748334359,3.379994024364069,9.64476293360619,0.8526540316930671,1.412803189919943,True,12.020963934133508,10.472712578972017,0,24,24,25.23196032003103,18.875852659335138,0.8579933026970518,7.107611921964144,35015928.3905007,1.0,0.7150338860612695
NGC4157,3,184.7,15.855288177518501,8.970242295275966,3.554141893071545,0.2733955302362727,8884756.266513513,8.970242295275966,3.554141893071545,0.2733955302362727,0,8.970242295275966,3.554141893071545,0.2733955302362727,210274551064.83453,14.240461763586676,0.7002107580756259,0.07002107580756259,22.409529926550256,9.432254765280474,126349221248.83104,17949947066.826485,21.939098466374332,0.27469685755665074,0.03924240822237868,22.783790468200714,12.508508196637843,5.554350244382786,1.6588345737684445,False,12.22274518296926,10.722716167488494,2,17,15,6.928994007792607,1.5128936055881865,0.11637643119909127,212.77824683742068,178227.4310884739,1.0,2.349234526435689
NGC4183,6,110.6,3.436069326138445,14.338471720427632,8.067483288569333,0.38416587088425397,64879272.25317342,14.338471720427632,8.067483288569333,0.38416587088425397,0,14.338471720427632,8.067483288569333,0.38416587088425397,999999999999.937,16.952348043943793,1.2748769642980446,0.07082649801655803,48.26127925604507,12.993036693750948,8373196976.159443,5097188435.071989,26.1186321691445,1.0346784417113033,0.06897856278075355,3.456239091627647,7.19482315730316,1.4836906833595545,1.0577576264917374,True,11.554609877554572,9.73391915101239,0,23,23,9.82650098208013,3.555512550221832,0.16931012143913485,8.434309945450533,10816699.446528846,1.0,2.2690071191187315
NGC4217,3,181.3,15.395859625808223,10.264936690629037,5.469146145032296,0.6076829050035885,9356679.91970346,10.264936690629037,5.469146145032296,0.6076829050035885,0,10.264936690629037,5.469146145032296,0.6076829050035885,21519155806.195877,12.24438488397567,0.254908519983816,0.042484753330636,9.327552444279837,0.9134134513487263,48544443965.535736,29624797202.98204,19.321635218198562,0.13847303581159787,0.04615767860386596,15.823772168123176,9.171595937949425,3.3528119698257046,1.156887601435245,False,12.19853790893506,10.62991394409642,8,19,11,11.827946600102361,7.032156054505619,0.7813506727228465,499.9999999999694,73673.38014198538,1.0,0.7777338987703669
NGC4559,6,121.2,7.0082258549986385,14.306397016068782,7.37492521046933,0.24583084034897768,18051502.52404454,14.306397016068782,7.37492521046933,0.24583084034897768,0,14.306397016068782,7.37492521046933,0.24583084034897768,28223953938.301373,18.486858935994515,1.158179421995881,0.042895534147995594,11.757652803782033,3.6357642252795994,1752226496.7682617,18566662851.389477,28.440919544096435,0.7150323216986207,0.029793013404109198,2.4307914884149757,10.912994729288092,0.8495813159532106,3.3536074530354725,True,11.673852356139337,9.98625654359883,0,32,32,18.643337378820043,11.711865573220589,0.390395519107353,25.54228941421366,1749285.297492896,1.0,0.6296968800028103
NGC5005,4,262.2,11.57544586303026,5.474463454689858,0.344564739766785,0.03132406725152591,31530823.501406174,5.474463454689858,0.344564739766785,0.03132406725152591,0,5.474463454689858,0.344564739766785,0.03132406725152591,8099615070.633564,12.9307260013839,0.10597921407621595,0.013247401759526994,4.238749864363408,0.8157799669535594,7496584281.113713,5105930963.917897,20.568632774776674,0.04903791508437841,0.009807583016875681,3.7367601225021425,5.941850534499336,0.6240710393411378,0.5586762264467268,False,12.679242558710731,10.951143160107552,5,18,13,6.784246603704817,1.654347888781744,0.15039526261652217,499.9999999993096,171175.44232010594,1.0,0.2082782842129543
NGC5033,5,194.2,7.330155046448135,50.53150768959814,44.54004314249016,2.4744468412494536,50744914.102036096,41.70328938764909,17.737431199217163,1.4781192666014302,2,50.53150768959814,44.54004314249016,2.4744468412494536,42980749162.76749,42.52395519577003,27.545293828000073,1.8363529218666714,18.519639796123506,4.505139603526981,55575891841.46651,129980005308.96686,41.70328938764909,17.737431199217163,1.4781192666014302,7.49531756209634,17.795569881200578,2.486526371205118,5.308841094628188,False,12.288092173364491,10.742367653317965,2,22,20,87.27168202464146,81.28021747753348,4.515567637640749,12.5656566141721,16909767.423898425,0.3982356088536445,0.21822568577796847
NGC5055,4,179.0,15.641145206126094,196.75998837897245,190.57790347225583,9.528895173612792,8183646.681664014,32.1094824027736,7.38114277590707,0.5272244839933621,2,196.75998837897245,190.57790347225583,9.528895173612792,53840514855.38102,33.18630847776391,17.73109621097233,1.0430056594689605,13.115552426148998,3.6529747554267544,15337902666.879503,42796983065.63099,32.1094824027736,7.38114277590707,0.5272244839933621,8.787759368282599,14.867747804520997,1.6915038880369797,3.230321946045872,False,12.181903589588211,10.883439973667864,6,28,22,610.2914655944935,604.1093806877768,30.20546903438884,79.43868955231743,458897.4812215627,0.03873031784601204,0.01221822241446352
NGC5371,4,209.5,4.415269584590223,214.29508654429452,208.40620858596165,12.259188740350686,80374395.42118196,29.021838377824942,14.299643481992742,1.0214031058566244,1,214.29508654429452,208.40620858596165,12.259188740350686,999999999999.9999,29.021838377824942,14.299643481992742,1.0214031058566244,62.595558057523654,20.876661956418747,170785190982.6458,28664144708.355625,35.240159553975246,11.684647720643722,1.062240701876702,45.7594830461364,3.589503579165354,5.4602882030026105,2.865989265188944,True,12.386896578555476,11.230950624806642,0,19,19,155.81060141239365,149.92172345406078,8.8189249090624,8.913641148932788,18686984.691142257,0.06861428735264644,0.09538073037410391
NGC5585,7,90.3,4.483990376163463,120.1363768267999,113.780269166104,5.171830416641091,30063114.47920072,84.16501793540779,58.74058729262422,3.6712867057890137,2,120.1363768267999,113.780269166104,5.171830416641091,3809542619.353463,86.19641665308065,70.30614750134092,3.7003235527021534,3.6472282915008365,1.214101651256804,4167816488.364437,7421280615.424642,84.16501793540779,58.74058729262422,3.6712867057890137,3.1488730706869705,6.491994031861939,1.0393894587422308,1.2836225971862452,True,11.290407747589052,9.16776026643563,0,24,24,162.0831561540205,155.7270484933246,7.078502204242027,157.3738329493612,180466.38389974122,0.5162633883988339,0.3772022128522021
NGC5907,5,215.0,7.443288924833738,177.33574710426632,171.44686914593345,10.085109949760792,49664025.7852989,36.463623948128,12.908112114796477,1.1734647377087706,2,177.33574710426632,171.44686914593345,10.085109949760792,157342442334.75912,48.64730821290761,33.92511331707541,2.4232223797911003,12.939890560421707,10.095353769287835,138826880887.24622,82299789115.3358,36.463623948128,12.908112114796477,1.1734647377087706,40.28191626044127,20.71281779843242,3.8892188593265815,3.990410491324455,True,12.42065987639535,10.943061489536872,0,19,19,102.95715188016918,97.0682739218363,5.709898465990371,13.29223285575206,15157933.210406765,0.07528928454102742,0.13297972234667185
NGC5985,3,293.6,4.242461338162654,118.89266052456787,111.89964540163491,3.6096659806979003,310377223.0274871,37.41713258721214,9.445072095480294,0.37780288381921173,2,118.89266052456787,111.89964540163491,3.6096659806979003,128358864846.8707,39.44078729861222,21.958249491279815,0.7842231961171363,5.892778531213193,2.8126815429230168,185918740483.96707,119627591652.86472,37.41713258721214,9.445072095480294,0.37780288381921173,7.071625293039011,21.571265154356663,3.468748721747481,3.301715090167575,True,12.826612650380634,11.018550716122284,0,33,33,88.49099672872195,81.497981605789,2.6289671485738384,7.965029675054545,84110331.43257642,0.08440663115222255,0.1158933253238923
NGC6015,6,154.1,3.000356773571081,669.3586600836322,661.7902808157957,15.756911447995135,166194728.66679484,61.04634906198454,30.772831990638455,0.854800888628846,2,669.3586600836322,661.7902808157957,15.756911447995135,72181437683.1055,124.7537444752349,105.83279630564358,2.713661443734451,16.31285434528903,3.856920791451114,2401615744.711368,6980462231.963061,61.04634906198454,30.772831990638455,0.854800888628846,1.0157954066812729,2.680489584626583,0.29729864994657884,0.4568135791262011,True,11.986752412803792,10.20586721288659,0,44,44,355.46527884229624,347.8968995744597,8.283259513677612,7.817785508450332,24736733.876959972,0.04649937130038306,0.08845388397619854
NGC6195,3,251.7,23.091938544987933,37.93657845526571,31.945113908157726,1.774728550453207,5685976.660105834,21.225757449888597,6.247096082118643,0.4164730721412429,1,37.93657845526571,31.945113908157726,1.774728550453207,4213889269.238221,21.225757449888597,6.247096082118643,0.4164730721412429,2.271819700247475,0.1280523775410424,4394994056.995921,3037171160.59966,29.707174030828508,5.741315842396582,0.4784429868663818,2.2653075662117588,7.460585005494435,0.1595367357063468,0.6723401769316097,False,12.625994143293624,11.29123116882462,3,23,20,23.967959153047026,17.976494605939045,0.9986941447743914,499.99999999999994,66543.98653650838,0.19555717034157583,0.34751469733452583
NGC6503,6,116.3,4.502265851842735,80.72600555697693,73.85803114800663,2.546828660276091,45670002.34893084,37.18471542060528,9.71281778472411,0.42229642542278745,2,80.72600555697693,73.85803114800663,2.546828660276091,4620016579.921549,38.12289990149914,20.952963879073405,0.8058832261182078,3.201129617280163,0.6542843967953916,5346600550.312285,22475284207.88216,37.18471542060528,9.71281778472411,0.42229642542278745,3.3914642459679625,8.586072037390505,0.606028428683428,3.7160737145813774,True,11.62008364083388,9.807704112938383,0,31,31,63.071622802664415,56.203648393694124,1.9380568411618664,10.054673267233335,9420508.80976614,0.1315065895171273,0.1728147204375056
NGC6674,3,241.3,10.95584262702054,282.37247004273723,276.95636964053284,21.304336126194833,33300736.642531417,20.926144296716352,7.3858932912053,0.73858932912053,1,282.37247004273723,276.95636964053284,21.304336126194833,427193197231.2142,20.926144296716352,7.3858932912053,0.73858932912053,58.54714047136369,12.024455912908067,38897870050.477585,360698951327.7742,23.28435090709426,1.6199492982765806,0.2314213283252258,30.366841592835147,56.806617016743466,3.1228914335572866,8.922823718052987,True,12.571016462374892,11.030708990148176,0,15,15,182.28164262822511,176.8655422260207,13.6050417096939,19.261173269971348,10521148.038150793,0.02666807519462938,0.04175993355317731
NGC6946,6,158.9,6.345145121323888,71.23505723231536,63.22039086185041,1.19283756343114,32683758.160595324,50.00966864479693,17.951003162937166,0.3819362375093014,2,71.23505723231536,63.22039086185041,1.19283756343114,4718814572.538115,51.39713341496186,31.360467488799497,0.62720934977599,4.139557264861425,0.36190052959140817,5380553315.438887,5730673299.447171,50.00966864479693,17.951003162937166,0.3819362375093014,4.249051391107229,11.069692493837696,0.42628806022377363,0.1625480978500519,False,12.026716188270672,10.519650828475031,3,58,55,109.22439657053114,101.2097302000662,1.9096175509446454,38.1812606228639,1642215.9925358016,0.28394324866108167,0.177364400907428
NGC7331,3,239.0,23.2551071564545,18.878451593787766,12.214042573437359,0.46977086820912917,7273057.142712636,18.878451593787766,12.214042573437359,0.46977086820912917,0,18.878451593787766,12.214042573437359,0.46977086820912917,15815508972.552979,22.926243228252577,6.265220677376557,0.27240089901637204,9.635517491426718,1.1841715477857773,36549715521.40785,91229565224.44403,30.858963124357913,4.201327042956285,0.21006635214781424,9.927253425223437,22.253460832080467,1.898975790778258,5.568064870054635,False,12.558538199492949,11.098004791250704,8,36,28,21.782530488067962,15.118121467717556,0.5814662102968291,499.9999999999589,89105.30124436862,1.0,0.8079074241808802
NGC7814,2,218.9,6.08373185275065,15.476508352417557,9.931330907937996,0.7093807791384282,74634046.06913996,14.506688973565145,0.6437453623662398,0.058522305669658166,1,15.476508352417557,9.931330907937996,0.7093807791384282,35137232123.917564,14.506688973565145,0.6437453623662398,0.058522305669658166,5.637714249666431,1.8348289635898316,27622996861.4129,7377283967.118728,22.4669489424057,0.286239164487451,0.03577989556093138,6.212758847545523,3.5702614635785705,1.5155350086865138,0.6425907702195459,False,12.44408178135233,10.571295298417532,2,18,16,19.13383544996367,13.588658005484108,0.9706184289631505,17.17607088893545,10676054.036530688,0.06481964686643375,0.04737372609616323
UGC00128,8,129.3,8.257130688783494,150.24451610521191,144.0624311984953,7.203121559924765,17939881.336496934,48.283982385848944,23.55564275898242,1.6825459113558872,2,150.24451610521191,144.0624311984953,7.203121559924765,11529489385.936615,61.501100020885175,46.0458877540936,2.708581632593741,5.366333435347889,2.2096733101650767,49232978141.17023,39950372178.32188,48.283982385848944,23.55564275898242,1.6825459113558872,23.62669172643409,42.19116255761119,8.471941873073803,2.137946177579631,True,11.758140071289716,9.77887447200274,0,22,22,56.63414425524764,50.45205934853101,2.5226029674265504,17.071583099910008,4192376.7991306307,0.16350996275029164,0.466891600920712
UGC01281,8,55.2,3.307517251855521,10.320522170416169,3.8827705206797685,0.16881610959477253,28422769.01329979,10.320522170416169,3.8827705206797685,0.16881610959477253,0,10.320522170416169,3.8827705206797685,0.16881610959477253,985356044.6326689,16.465902315505364,0.37152319116436083,0.018576159558218043,2.566967948223705,0.7719335725114355,985360824.97337,504080330.0103568,26.122529790156467,0.37152319121086064,0.021854305365344745,2.5669699174001246,11.353049644499938,0.7719339262617056,0.6552111030490846,True,10.64916172983613,8.246744709723842,0,25,25,28.108594284782296,21.670842635045894,0.9422105493498215,417.1717228425685,50774.98961707641,1.0,0.17917026052326118
UGC02259,8,86.2,1.5996568703829896,18.002811603105332,13.843928519745662,2.3073214199576104,203486442.4701315,10.542956408143102,0.14574869974392174,0.04858289991464058,1,18.002811603105332,13.843928519745662,2.3073214199576104,3623069528.4143524,10.542956408143102,0.14574869974392174,0.04858289991464058,2.0271137418409046,1.0677557205882462,2977110681.000035,6092607837.122909,16.660404251022214,0.024871917583528406,0.024871917583528406,2.1171323604007446,11.999990137818376,0.8836930209361483,6.739057913424803,True,11.229866294122672,8.935759103745312,0,8,8,8.395833767496544,4.236950684136872,0.7061584473561453,3.7118822713442023,38809726.908397704,0.01052798701871652,0.03439943266028664
UGC02885,5,289.5,18.07981860821555,81.14207327844903,75.25319532011615,4.426658548242126,16215113.58514762,19.716397367712958,4.994202471880755,0.3567287479914825,1,81.14207327844903,75.25319532011615,4.426658548242126,999999999999.9703,19.716397367712958,4.994202471880755,0.3567287479914825,63.9521248008745,27.981595756245056,128260556391.94106,136133730078.30719,25.927109573906577,2.3715977405750563,0.2155997945977324,13.727341962933398,79.04515423411648,4.5720427214474535,60.660431846416415,True,12.8082902008389,11.304840450521027,0,19,19,50.07581421370814,44.18693625537526,2.5992315444338385,43.36156748116595,2951103.368766069,0.06636532110877345,0.11302441162738953
UGC02916,2,182.7,9.84778869552034,97.18526116522354,90.25378935962408,3.008459645320803,22918577.021688893,34.42608087019056,17.097401356191924,0.6332370872663675,1,97.18526116522354,90.25378935962408,3.008459645320803,29262572384.00408,34.42608087019056,17.097401356191924,0.6332370872663675,7.795890861195999,1.336489127073963,26659549777.03446,108983080569.4241,37.76256455307126,10.036677330673443,0.41819488877806016,7.540235461538933,16.12553532022345,1.1802661485220698,5.805510330867364,False,12.208560138706147,10.792927222529496,11,43,32,160.7825028022646,153.85103099666514,5.128367699888838,38.06262636091435,1918152.245748368,0.18943693641566495,0.11112958584309081
UGC02953,2,264.9,6.560198421119699,1132.0427382526848,1122.7158600644607,10.795344808312121,108304655.54269873,228.3475408737555,191.04002812085895,1.949388042049581,2,1132.0427382526848,1122.7158600644607,10.795344808312121,63070037426.95592,276.4748459349096,253.15765046434927,2.5065113907361316,5.8759816998435275,2.2447614625576757,47844419885.483604,110927732990.18272,228.3475408737555,191.04002812085895,1.949388042049581,5.5964211385984655,55.45631821366912,1.5735919393940059,23.134817734875263,False,12.692590371540229,11.113137489948498,9,115,106,605.9733158521063,596.6464376638822,5.736984977537329,14.368097983540197,22201670.612372056,0.17015883975299895,0.3201896735843421
UGC03205,2,219.6,4.583007942006561,341.1527068775145,333.4954240845363,7.579441456466734,131969710.8000182,59.09879940795719,39.95559242551171,0.9745266445246759,1,341.1527068775145,333.4954240845363,7.579441456466734,28303113947.821762,59.09879940795719,39.95559242551171,0.9745266445246759,3.2325528155192287,1.0199425240734263,49117180436.31602,499455908597.1056,62.11961282055418,31.490481648641424,0.8286968854905638,15.550108757937249,41.998592826137546,2.4796321453230985,11.190564617064501,False,12.448241503982697,10.754508872657953,2,48,46,186.47708779539872,178.81980500242054,4.06408647732774,9.665845690857632,28421330.439484946,0.11980851771862255,0.2234405323558588
UGC04278,7,91.4,6.38081438112491,21.334232703547073,14.896481053810673,0.6476730892961162,23021821.73712196,16.980294949727927,0.8859158253869241,0.044295791269346206,1,21.334232703547073,14.896481053810673,0.6476730892961162,7282420299.952285,16.980294949727927,0.8859158253869241,0.044295791269346206,4.723313320372207,0.9764082646656345,439663106.46275425,6813333145.799102,26.30500853146072,0.5540019325151174,0.0325883489714775,3.7593075948915375,4.856017264900475,0.03814825696198093,0.9851912237788792,True,11.306183083850028,8.815245591916563,0,25,25,36.22874333495878,29.79099168522238,1.295260508053147,499.99999999181455,66144.40681826936,0.05947148337830415,0.029737708457230602
UGC04325,9,90.9,1.3598912390115743,6.630470599704017,2.471587516344346,0.4119312527240577,309717964.8227429,6.630470599704017,2.471587516344346,0.4119312527240577,0,6.630470599704017,2.471587516344346,0.4119312527240577,2156882246.5097213,10.508356142291921,0.11114843389274262,0.03704947796424754,1.4873172394650773,0.5654359463757648,1495125232.5766244,899218231.9382242,16.63711860765091,0.0015862742122229041,0.0015862742122229041,1.5695667026735067,4.344727777238184,0.5530346304172419,0.44754212748804434,True,11.299036146314435,9.00560944536028,0,8,8,21.367161155440037,17.208278072080365,2.8680463453467273,4.180996466512912,36204794.408070125,1.0,0.14362782295774162
UGC04499,8,72.8,3.0157201954813275,6.09703626558489,1.702587110912451,0.24322673013035015,37702725.706593014,6.09703626558489,1.702587110912451,0.24322673013035015,0,6.09703626558489,1.702587110912451,0.24322673013035015,484100246.5110595,11.502728407857003,0.5166055211759039,0.12915138029397596,1.8361898524415061,0.11927793666721448,1765674041.8733416,3265205268.3710055,17.86426611445324,0.28646949576348263,0.28646949576348263,2.181697506749987,5.040297940171417,0.6836223441098491,1.0683185280902283,True,11.009738634587643,8.889861721258189,0,9,9,11.706595211252809,7.31214605658037,1.0445922937971956,14.611576447843927,2395335.892453556,1.0,0.23284369564530968
UGC05253,2,213.7,9.095506771915426,108.7893418150909,100.20842293279412,1.411386238490058,39012764.32691596,59.06408910236245,37.611791896620495,0.5531145867150072,1,108.7893418150909,100.20842293279412,1.411386238490058,81638781502.93901,59.06408910236245,37.611791896620495,0.5531145867150072,17.28485310410112,6.653991705593169,32983779096.01088,5372367412.616375,67.64183387809823,33.31815834891109,0.5125870515217091,16.045379483229183,79.99999999999999,3.162339948722206,63.999999943521125,True,12.412758063140744,10.933441730094035,0,73,73,440.2101034558715,431.6291845735747,6.079284289768658,28.41771024321679,4528562.694185814,0.37533563343118626,0.08713913062616195
UGC05716,9,73.1,3.176756421096815,30.44678972779566,25.47697642821966,2.547697642821966,37074584.083573036,18.836218446327052,6.411685197387053,0.9159550281981504,1,30.44678972779566,25.47697642821966,2.547697642821966,7451877961.324229,18.836218446327052,6.411685197387053,0.9159550281981504,6.997756368326045,3.253761719397428,6977624422.710033,3629345196.530229,20.215128805203232,0.3358756068992296,0.0839689017248074,6.40883573208924,11.828988940875776,2.3043896045720733,0.7840586296571204,True,11.015096627522116,8.468347330412158,0,12,12,17.80964923142201,12.83983593184601,1.2839835931846009,8.588541225589209,5533603.741414487,0.25166586056440854,0.4993588104567962
UGC05721,7,79.7,1.0180381905481086,14.518917651057956,8.247929219199657,0.3927585342476027,480354016.59642833,14.518917651057956,8.247929219199657,0.3927585342476027,0,14.518917651057956,8.247929219199657,0.3927585342476027,582399148.4085112,22.363672749923918,6.68620167027817,0.37145564834878725,1.3650898853140976,0.4901829646433142,1161456509.8185005,3739236640.140055,27.181136015228724,2.097182287795528,0.13981215251970186,1.4188021114998461,4.834042296540338,0.20459328323467224,1.4355332777639471,True,11.127719460836872,8.424064525417489,0,23,23,26.508526938846313,20.237538506988013,0.9636923098565721,2.5107753896650675,77659648.11476044,1.0,0.40755594937356887
UGC05986,9,113.0,3.3007454747617166,16.735909979304935,11.319809577100516,0.8707545828538859,91297952.76094882,15.712958961209546,2.172707955698495,0.2172707955698495,1,16.735909979304935,11.319809577100516,0.8707545828538859,4202614343.4897423,15.712958961209546,2.172707955698495,0.2172707955698495,3.812932846251256,1.0467248076426967,4786944820.030118,1846156406.0331266,23.26984298894723,1.6054413801295475,0.22934876858993536,3.6338670341429977,5.998786258747654,0.9800243551374251,0.6282878101984019,True,11.582579827098794,9.370605600938148,0,15,15,80.95418388583741,75.53808348363299,5.810621806433307,22.329171207584885,3749633.132974098,0.1919385605296567,0.02876308023050731
UGC06399,9,85.0,3.484253485968203,4.724523006855009,0.3300738521825696,0.0471534074546528,45804276.82686186,4.724523006855009,0.3300738521825696,0.0471534074546528,0,4.724523006855009,0.3300738521825696,0.0471534074546528,343195864.6546452,11.217104299755219,0.2309814130741205,0.05774535326853013,4.314103668589286,0.09502396162853015,1033528605.878899,1422005006.093361,17.78806144363629,0.21026482494653373,0.21026482494653373,4.099698602418222,7.882429787086598,1.0889407597965237,0.08678763339830889,True,11.211601273791413,9.059941888061957,0,9,9,9.000401143899694,4.605951989227256,0.6579931413181794,26.269259717583143,1707844.0168809243,1.0,0.07166246043262521
UGC06446,7,82.2,1.9559427760410233,12.410771151691153,6.74434446357872,0.44962296423858134,120532190.91265559,12.410771151691153,6.74434446357872,0.44962296423858134,0,12.410771151691153,6.74434446357872,0.44962296423858134,630853828.2972898,15.165131417408539,0.9990646971274585,0.0832553914272882,0.9683465851394355,0.3106804144030105,731924280.6733664,632877009.2288237,23.054549701074674,0.38884294862494334,0.04320477206943815,1.0248495465515546,4.084840148604663,0.34050964323770483,0.0454612838152927,True,11.167959949268685,8.693726948923647,0,17,17,8.886744711982738,3.2203180238703055,0.21468786825802036,5.41778786712366,16939225.96311011,1.0,2.094310069249962
UGC06667,6,83.8,3.0951804936464526,5.053977557823272,0.6595284031508328,0.09421834330726184,60055514.2209283,5.053977557823272,0.6595284031508328,0.09421834330726184,0,5.053977557823272,0.6595284031508328,0.09421834330726184,2114347989.8819435,11.332644623145926,0.34652173646482826,0.08663043411620706,4.41614763464374,1.5512765183039159,880492824.5102237,1932699435.2428637,17.64926962210331,0.07147300341355507,0.07147300341355507,3.5072550761917443,5.963169382002582,0.03582757144093428,1.3705635372985838,True,11.193076552539363,8.844166410450201,0,9,9,13.54165391978615,9.147204765113711,1.3067435378733874,20.061107368156673,2609036.868194601,1.0,0.07210163324059293
UGC06787,2,248.1,7.041693376425534,1795.4875297014764,1787.4728633310115,33.7259030817172,75771162.21711752,158.8895072369644,126.83084175510463,2.6985285479809495,2,1795.4875297014764,1787.4728633310115,33.7259030817172,76460961985.88902,512.2913887446684,492.25472281850614,9.845094456370123,6.817627496413928,2.3771496143981725,281759804889.2259,63337619578.32291,158.8895072369644,126.83084175510463,2.6985285479809495,23.420345383639127,8.021580220790662,4.848642414330547,1.406545260928049,False,12.607224789465162,10.691329084374113,16,71,55,1501.4212743797018,1493.4066080092368,28.1774831699856,20.552290578856883,9930227.933662312,0.07095539426470028,0.08492720005047692
UGC06818,9,71.2,20.83513394224521,11.422887322673226,7.264004239313554,1.2106673732189257,7671381.836309597,11.288786811907789,0.8915791035086099,0.29719303450287,1,11.422887322673226,7.264004239313554,1.2106673732189257,3001883447.3707504,11.288786811907789,0.8915791035086099,0.29719303450287,4.0534819660919945,0.61884501387029,5308171715.536781,3561780292.5015736,17.002029218229726,0.3664968847910388,0.3664968847910388,4.231918067386504,6.970102603579183,0.8789666574523142,0.09718857906774289,True,10.980784477559103,8.899820502427096,0,8,8,25.698457019393757,21.539573936034085,3.5899289893390143,499.9999999999764,38757.649891823654,0.1227393423978596,0.04139260628628616
UGC06917,9,108.7,3.652262665166753,6.556312986878013,1.7605224412812719,0.195613604586808,56228968.734049864,6.556312986878013,1.7605224412812719,0.195613604586808,0,6.556312986878013,1.7605224412812719,0.195613604586808,7198087686.2903805,12.212417417052047,0.22294105306019307,0.037156842176698845,3.5681934309704544,1.3841059690008448,6226198704.770725,2034473334.6672945,19.270957335453534,0.0877951530665684,0.02926505102218947,3.539782511938559,8.77552445701959,1.3819919537925553,0.08812686710247132,True,11.532033128907418,9.533517862016968,0,11,11,12.027196541590222,7.23140599599348,0.8034895551103867,17.708476427545527,3598511.8635304593,1.0,0.24345506838596526
UGC06930,7,107.2,3.689289726918375,6.010468665961978,1.4052984799738863,0.1756623099967358,51726143.91696869,6.010468665961978,1.4052984799738863,0.1756623099967358,0,6.010468665961978,1.4052984799738863,0.1756623099967358,3839017805.256379,11.576148249894473,0.06322278492424233,0.012644556984848464,2.8889889911317432,0.9166423751626821,5325891679.920868,11744357465.543167,18.44700968833956,0.02632894438719217,0.013164472193596085,3.0833416958355753,7.737365565103971,0.9774259233252738,2.7731374475762345,True,11.513928852718788,9.64991871873542,0,10,10,6.8242842540527135,2.2191140680646213,0.27738925850807766,9.988456832978788,7541573.020330442,1.0,0.633270051412681
UGC06983,6,109.0,3.1921395356935975,12.017767222342373,6.351340534229941,0.423422702281996,78748790.74962184,12.017767222342373,6.351340534229941,0.423422702281996,0,12.017767222342373,6.351340534229941,0.423422702281996,2080634486.694365,15.540199816259358,1.3741330959782778,0.11451109133152315,2.2787654343469272,0.29037485679464314,2032966788.035308,3133254100.8103747,23.284772872530787,0.6190661200810598,0.06878512445345109,2.546641814315431,8.20931087372847,0.07305910905700533,1.04522823755046,True,11.535623990470404,9.423081958297232,0,17,17,14.617745416115651,8.95131872800322,0.5967545818668812,8.451085135836912,12068549.870355781,1.0,0.7095424403066409
UGC07125,9,65.2,4.759320910416555,7.842293000217406,2.7123942852943324,0.24658129866312112,9598136.649243286,7.842293000217406,2.7123942852943324,0.24658129866312112,0,7.842293000217406,2.7123942852943324,0.24658129866312112,438891441.5337633,14.890518278767182,2.065771491459499,0.2582214364324374,7.138029549044569,0.07423053060475555,464833788.36716485,597961359.7091016,22.233542138882356,1.7139472791900605,0.3427894558380121,6.570772997583032,10.039617264817768,0.0754070433202126,0.1258274802394051,True,10.866087283844294,9.132259689531043,0,13,13,14.517959042219342,9.388060327296268,0.8534600297542062,14.401846868347713,1193828.5485507902,1.0,0.288919562799134
UGC07151,6,73.5,1.5734537237516102,12.94683115889985,8.151040613303108,0.9056711792559009,123576781.24042875,12.94683115889985,8.151040613303108,0.9056711792559009,0,12.94683115889985,8.151040613303108,0.9056711792559009,1524113818.2177331,15.479330412651601,3.489854048659747,0.5816423414432912,1.5494748764149573,0.5201860895741571,1035192027.62305,4290263611.8726983,19.615762343613444,0.4326001612264782,0.1442000537421594,1.332393245025918,3.97570796365532,0.3411288275733154,1.3823267129722268,True,11.02220651390112,9.05766610390983,0,11,11,31.109653743085584,26.313863197488843,2.9237625774987603,7.217331004795052,8260626.752855295,1.0,0.30976221743377347
UGC07261,8,74.7,1.4913866829472762,5.754026311539008,1.8622060134283807,0.37244120268567615,153922409.00894353,5.754026311539008,1.8622060134283807,0.37244120268567615,0,5.754026311539008,1.8622060134283807,0.37244120268567615,3787902603.3974566,9.752633944339253,0.0230831990626883,0.01154159953134415,4.8042060585120865,1.4762527988459824,755179805.3341072,225388180.855877,15.634775662457292,0.06749447001478533,0.06749447001478533,1.1131983680688629,11.887885131610531,0.7417558726445265,0.29095989176009524,True,11.04330630209473,8.942751920429814,0,7,7,4.135449183595646,0.2436288854850192,0.04872577709700384,4.447726708346027,18842835.16720521,1.0,7.643617503405146
UGC07399,8,103.0,1.5284799482477989,11.688545608946711,7.083375422958619,0.8854219278698274,315072952.3993158,11.61388323013126,0.10095776516102907,0.020191553032205815,1,11.688545608946711,7.083375422958619,0.8854219278698274,2297821763.234356,11.61388323013126,0.10095776516102907,0.020191553032205815,1.3917250350489316,0.5821247186045421,2038944820.6882288,1447726476.96297,18.46767054053329,0.04698979658092326,0.02349489829046163,1.3514963457157576,6.0485801689819985,0.5684593329386252,0.654284227189746,True,11.461856170764053,8.76192783842053,0,10,10,12.713403044384998,8.108232858396907,1.0135291072996133,5.854599103149597,27237801.260102786,0.014252776272990557,0.01245126612964463
UGC07524,9,79.5,3.6000872037576017,13.626393236574307,6.7584188276040145,0.2330489250897936,31553758.97443482,13.626393236574307,6.7584188276040145,0.2330489250897936,0,13.626393236574307,6.7584188276040145,0.2330489250897936,2322961421.271984,22.27685580861462,5.106919786188889,0.19641999177649572,5.754335679142849,1.9182584448121156,1423581064.7642057,5455579223.718661,29.87429110576586,2.402393469884689,0.10445188999498647,3.7017469267684513,7.205524040676615,0.5982516160884382,1.977861101453875,True,11.124445882617945,9.085647288296856,0,31,31,30.26857678179384,23.400602372823545,0.8069173232008119,19.788745076687157,1653450.5066975204,1.0,0.2888138826482925
UGC07603,7,61.6,1.5347719742460764,7.004020754529488,2.034207454953488,0.2034207454953488,129718010.0026597,7.004020754529488,2.034207454953488,0.2034207454953488,0,7.004020754529488,2.034207454953488,0.2034207454953488,776382116.8536843,12.711726630452652,0.2871933815126505,0.04102762593037864,1.3359328748620782,0.45337707724890813,776399534.2018136,1330264445.3328698,20.166446580145557,0.2871933818415558,0.07179834546038895,1.3359372133262264,10.501098671788874,0.4533793104302377,0.7536980842582234,True,10.79208663314181,8.27415784926368,0,12,12,20.116055526038263,15.146242226462261,1.514624222646226,9.493467793731952,5920315.273041364,1.0,0.13430443172231124
UGC08286,6,82.4,1.7864702257581546,24.24372589816143,18.577299210048995,1.2384866140032664,154726364.47215495,14.503919854021078,0.33785313373999754,0.028154427811666462,1,24.24372589816143,18.577299210048995,1.2384866140032664,1292459460.1168723,14.503919854021078,0.33785313373999754,0.028154427811666462,1.34560747424744,0.4312207526319957,1237335926.392574,218643422.08882645,22.89450808670072,0.22880133425099325,0.025422370472332582,1.3373327356020226,5.71652951359617,0.4259597673450345,0.05821422826145033,True,11.171126131739882,8.797613730153076,0,17,17,42.44671583045289,36.78028914234046,2.4520192761560304,5.05020854819794,20792786.48406394,0.018186342908082305,0.009185711739037698
UGC08490,9,78.6,1.4014739333078134,25.329385289589684,18.526990526265372,0.6616782330809061,245232919.52241558,17.66696304500448,0.6609761366937007,0.02643904546774803,1,25.329385289589684,18.526990526265372,0.6616782330809061,1355228692.432963,17.66696304500448,0.6609761366937007,0.02643904546774803,1.2874084122446936,0.6069645876938548,1348306352.1255028,489589362.3375956,27.422139141847996,0.21256008855075142,0.009661822206852338,1.305342877311565,5.62361544085855,0.6188022982009744,0.16022258966902161,True,11.109612134766758,8.706290957258764,0,30,30,9.950315642329922,3.1479208790056123,0.11242574567877187,3.186649664364089,45714850.72544893,0.03567638984629733,0.20997228396111867
UGC08550,7,56.9,1.3060817675626135,13.265960515531473,8.470169969934732,0.9411299966594147,130583136.97762643,12.880599085273888,0.891122721282034,0.14852045354700566,1,13.265960515531473,8.470169969934732,0.9411299966594147,306348429.5682094,12.880599085273888,0.891122721282034,0.14852045354700566,0.8089881310331138,0.273965818342999,306357275.48035526,542169664.2738032,20.07428490710699,0.8911227247200239,0.29704090824000795,0.8089970706527314,11.998277868365005,0.27397107030717055,0.5761823432854806,True,10.688681295833748,8.159867847092567,0,11,11,11.668317645370797,6.8725270997740555,0.7636141221971173,4.41277035192579,13210495.63292211,0.10520718290720447,0.12966448998234303
UGC08699,2,182.4,3.8185638018329855,118.78673586234437,111.56490003705592,3.187568572487312,124603644.35626377,30.31859988828877,1.4312565871349736,0.04935367541844737,2,118.78673586234437,111.56490003705592,3.187568572487312,3804111929.812564,35.41755840218998,17.362968838968857,0.5425927762177768,1.6511322563708157,0.25366319278198035,5900294180.012525,23588973276.58958,30.31859988828877,1.4312565871349736,0.04935367541844737,1.7265157739123738,6.378471442564271,0.38570037983918576,1.363441912944134,False,12.206418998625727,10.400555257218906,4,41,37,31.744695126694232,24.522859301405784,0.7006531228973081,11.218842759255613,15953387.204688948,0.012828914709371732,0.05836418052004752
UGC09037,6,152.3,20.96699912069974,14.39900652741195,8.51012856907907,0.5005957981811218,4474451.360945748,14.39900652741195,8.51012856907907,0.5005957981811218,0,14.39900652741195,8.51012856907907,0.5005957981811218,76996345153.59395,16.16708309945266,1.4448882036204613,0.10320630025860437,15.95937563855778,4.685090179061535,10231408827.99596,60234377682.292114,24.2349984222223,0.6794865888907773,0.06177150808097975,9.685188149717803,16.59157426546702,1.1760881692528011,3.233089640941675,False,11.971444206656662,10.535382742526886,3,22,19,26.595998600231894,20.707120641899014,1.2180659201117068,499.9999999999584,46802.45609014735,1.0,0.4109759495899967
UGC09133,2,226.8,13.141313426264984,680.0240249339533,671.706258767234,10.833971915600548,21487368.110928282,137.12671198136047,103.8556473144831,1.8545651306157696,2,680.0240249339533,671.706258767234,10.833971915600548,176014908247.56912,220.70229466942493,199.90787925262657,3.3882691398750264,53.63582645241263,3.9850807167428797,124481649979.86964,105739640099.4657,137.12671198136047,103.8556473144831,1.8545651306157696,10.648009675718134,52.4269689863453,3.670865860019394,0.5252839192244991,False,12.490273647311142,11.150642863909232,4,68,64,535.8957966668918,527.5780305001724,8.509323072583426,27.296360879577293,4733786.258117707,0.1546146786023504,0.19685362412840113
UGC10310,9,71.4,2.136004763138074,4.359828289248478,0.46800799113785146,0.09360159822757029,71054724.11144112,4.359828289248478,0.46800799113785146,0.09360159822757029,0,4.359828289248478,0.46800799113785146,0.09360159822757029,2964779157.187586,9.74550924338345,0.015958498106884773,0.007979249053442387,2.593338991780581,1.0098607506344008,1710859106.414142,2199244043.1390023,15.601458650792424,0.034177458349917825,0.034177458349917825,2.483388226175765,8.787092226052247,0.9515110275472071,2.0120151990558286,True,10.984439131977055,8.93976877545335,0,7,7,6.735160482556271,2.843340184445644,0.5686680368891288,7.310377142029607,7125928.873425573,1.0,0.16459795901245539
UGC11455,6,269.4,13.367139427378138,63.90186827939775,56.908853156464794,1.8357694566601546,20793124.78957508,56.80425503025677,39.32171722292436,1.40434704367587,1,63.90186827939775,56.908853156464794,1.8357694566601546,118401010138.15155,56.80425503025677,39.32171722292436,1.40434704367587,12.217060631779388,4.788372818223221,10490241465.065586,25344928149.610397,59.09023233519936,31.11817184346752,1.2447268737387007,3.7477069315518614,9.724965328487611,0.6068027718425475,1.0159858752501747,False,12.714537270809435,11.27221535695892,3,36,33,59.25988136070372,52.26686623777076,1.6860279431538956,71.50706852440885,1107871.559633257,0.6909595790801392,0.7523259007732214
UGC11914,2,288.1,1.3891576830597625,507.65395347690867,499.3676840241256,8.186355475805337,1541227469.8658829,29.717357469752386,9.001683837794722,0.15520144547921935,1,507.65395347690867,499.3676840241256,8.186355475805337,290382938808.8203,29.717357469752386,9.001683837794722,0.15520144547921935,11.29153405330629,3.1069161151087945,70707424625.78659,41861149702.40246,40.530543078207586,7.385465267075329,0.1342811866740969,8.894294595431797,7.093417784660192,1.2956891926259264,2.3558446202960517,False,12.801974271489774,10.875142324129556,2,65,63,310.5552067137267,302.26893726094363,4.955228479687601,3.7673153655916294,209207112.50706512,0.018026164138726746,0.02978038007929251
UGC12506,6,234.0,5.468180200017451,27.872198371831978,21.004223962861687,0.7242835849262651,135150576.0153283,19.022076055422595,1.852140032996865,0.07123615511526403,1,27.872198371831978,21.004223962861687,0.7242835849262651,223184573895.00107,19.022076055422595,1.852140032996865,0.07123615511526403,23.776056475791627,9.383736667746735,17109662702.328817,79566532154.296,28.779690333548995,1.3077926976678242,0.0568605520725141,2.2839346250675465,23.922290525010155,1.1909318061513627,6.05478899586591,True,12.530992068878962,10.843765194483272,0,31,31,11.727267827246552,4.859293418276259,0.16756184200952617,10.292026775604878,36144693.375002995,0.08817940792631518,0.38115418715626276
UGC12632,9,71.7,2.8508320535667573,6.270515158446191,0.8544147562417708,0.06572421201859775,42024086.910916165,6.270515158446191,0.8544147562417708,0.06572421201859775,0,6.270515158446191,0.8544147562417708,0.06572421201859775,1057023321.4066911,13.963535685209054,0.4232846796980039,0.04232846796980039,2.5170871049502064,1.0700049613398492,273415042.7037314,1877133914.475726,21.88836356382763,0.22396195500995253,0.03199456500142179,2.198731478443988,11.999999999975898,0.10065321784792756,5.582742450183864,True,10.989901963651937,8.813247300897604,0,15,15,9.844016329363182,4.427915927158761,0.3406089174737508,8.516379551364235,5261826.509822084,1.0,0.19296092570348752
UGCA442,9,56.4,2.8423077746000938,7.839696489603119,3.6808134062434474,0.6134689010405746,32126557.52234792,7.839696489603119,3.6808134062434474,0.6134689010405746,0,7.839696489603119,3.6808134062434474,0.6134689010405746,1776502887.9670682,10.51371640931529,0.11650870091611003,0.038836233638703345,3.8388653800274977,1.3503745328361667,1776500973.0194197,698213916.8261617,16.752041034355386,0.11650870091670011,0.11650870091670011,3.8388647771104383,11.069616945828885,1.350374520230427,0.6534886432802567,True,10.67718180859856,7.845098040014257,0,8,8,15.875510428391074,11.716627345031402,1.9527712241719002,24.989438050507413,939459.3711389096,1.0,0.31415298087502525
