Galaxy,T,V_flat,v7_n_shells,v7_burk_rho0,v7_burk_a,n_pts,n0_rho0,n0_a,n0_chi2,n0_bic,n1_rho0,n1_a,n1_chi2,n1_bic,n2_rho0,n2_a,n2_chi2,n2_bic,n_selected,delta_rho0_select,delta_a_select,log_ratio_rho0,ratio_a,delta_rho0_n2,delta_a_n2,log_ratio_rho0_n2,ratio_a_n2
ESO079-G014,4,175.0,1,32069384.1192912,8.029104411232685,15,32069391.130413182,8.029103217719822,13.31641321352435,18.73251361572877,7358522.754098786,19.607639140329347,2.6044146344978505,16.144665640008903,11042008.438925667,14.393743202808476,2.276900991058987,23.941302599876668,1,-24710868.376314394,11.578535922609525,-0.6393000773449293,2.4420708774868265,-21027382.691487513,6.364639985088655,-0.46304263977337784,1.7926962467043914
ESO116-G012,7,109.1,0,66532905.7684749,3.638672747809424,15,66532913.691952,3.63867250824458,10.133685614972544,15.549786017176963,51427431.761371806,3.791863715477285,4.972848527021036,18.513099532532088,25399988.94979183,5.542062559688763,3.1550076899095227,24.8194092987272,0,0.0,0.0,0.0,1.0,-41132924.74216017,1.9033900514441835,-0.4182030153444724,1.5231001270742126
ESO563-G021,4,314.6,2,83788777.79692943,8.723264440653686,27,83788814.27300006,8.723261849915172,168.07098530185831,174.662659033867,31064386.938215163,13.742898699365652,33.165426990135146,49.64461132015679,17119759.94566952,18.815578118784448,8.054950568160226,34.421645496194856,2,-66669054.327330545,10.092316268869276,-0.6896883739199232,2.156942946630384,-66669054.327330545,10.092316268869276,-0.6896883739199232,2.156942946630384
F568-V1,7,112.3,0,114107756.41358398,2.992960829210267,15,114107756.02012688,2.9929608356503308,0.6970514203787315,6.113151822583152,118575995.68201551,2.84700970155108,0.5253064479183016,14.065557453429353,3693548.723262346,18.584462864179496,0.01646900899008338,21.680870617807763,0,0.0,0.0,0.0,1.0,-110414207.29686454,15.591502028529165,-1.4898713324901118,6.209390595029734
F571-8,5,139.7,0,29068745.066364277,8.157272934566318,9,29068745.282857127,8.15727288276725,9.308725794077738,13.703174948750178,10488786.558350295,13.528095504050832,3.334081099142728,14.320203985823827,4141272.5091370204,28.857974159215143,0.05038590692804741,17.628182525617802,0,0.0,0.0,0.0,1.0,-24927472.773720108,20.700701276447894,-0.8462924769548109,3.5376987596160254
F571-V1,7,83.6,0,17634953.418500338,5.440086177585878,7,17634953.272519767,5.440086206721696,0.1569246811791729,4.0487449792898,13064837.937719392,6.21813679584887,0.01657500726314709,9.746125752539713,15431537.157779926,5.797626042610498,0.11088428500446922,15.678165477446974,0,0.0,0.0,0.0,1.0,-2203416.114739841,0.35753983588880267,-0.057965124330733406,1.0657231930345206
F574-1,7,97.8,0,53940499.73553294,3.5408736135661827,14,53940496.93371026,3.540873724929043,1.1309324298443997,6.4090470890749165,33063480.83987812,4.375782556112134,0.08538114204712398,13.280667790123417,38802168.372339405,3.7616293901600297,0.015756587057906286,21.128215223979975,0,0.0,0.0,0.0,1.0,-15138328.561370857,0.22075566523098678,-0.14305894728110968,1.062344969739188
F583-1,9,85.8,0,25830814.683669742,4.588203947974259,25,25830812.950103015,4.588204222436917,4.480803244331499,10.9185548940679,18149031.04852855,5.151914507999832,2.5419190329825065,18.63629815732351,17781614.131630156,5.116013477057247,1.672519360405972,27.423525959351576,0,0.0,0.0,0.0,1.0,-8049198.8184728585,0.5278092546203297,-0.1621668929085285,1.1150361293944313
IC2574,9,66.4,1,4475181.534475452,10.81727880304276,34,4475181.427444798,10.817279250064413,41.82053157116985,48.87325262040218,2303186.3572973087,76.84799516982078,13.370371518119182,31.00217414119999,4649434.504761946,1.8038000246714936,7.158475042325245,35.369359239254536,1,-2171995.070147489,66.03071591975636,-0.2884815672794117,7.104188899381809,174253.07731714845,-9.013479225392919,0.016589487654659854,0.16675172961451953
IC4202,4,242.6,2,67070145.92413735,6.556600890462001,29,67070145.87376691,6.556600898352629,85.50909575933565,92.2436874193086,9974300.576247802,18.76000837090667,31.700081239829196,48.53656038976156,9777929.802911429,19.1162086161763,9.617517697780405,36.5558843376722,2,-57292216.070855476,12.559607717823672,-0.8362823358277416,2.91556690921653,-57292216.070855476,12.559607717823672,-0.8362823358277416,2.91556690921653
NGC0024,5,106.3,1,384963086.2111849,1.547108646470732,29,384962943.8457707,1.5471089438462184,21.14802776144917,27.88261942142212,503385402.9851884,1.2283698669922232,3.121702057404947,19.958181207337315,13957951.790441481,8.722272215337854,0.6122913889486272,27.55065802884042,1,118422459.13941771,-0.3187390768539953,0.11648169109649553,0.7939776134564976,-371004992.05532926,7.175163271491636,-1.4405972327839682,5.637787985152287
NGC0055,9,85.6,0,11695677.523069194,6.798098936105254,21,11695676.64895474,6.7980994101620755,9.17579931577864,15.264844191225485,4749362.067117296,9.716055557113547,1.7085556601868142,16.93116784880393,9091237.732191756,6.93711185688968,0.6192362917023945,24.975415793489777,0,0.0,0.0,0.0,1.0,-2604438.9167629834,0.13901244672760438,-0.10940233827671617,1.0204487222590188
NGC0100,6,88.1,0,27482929.52217859,4.737039354047202,21,27482931.598686285,4.7370390512889085,1.6254208024227792,7.714465677869625,25743374.7343632,4.816145621280211,1.1378439692919928,16.36045615790911,7151162.005614381,13.026117724200219,0.11055533611592193,24.466734837903306,0,0.0,0.0,0.0,1.0,-20331769.593071904,8.28907867291131,-0.5846864401086872,2.7498438546027866
NGC0247,7,104.9,1,50929873.87860606,3.156103749381639,26,50929581.7876316,3.1561174105394323,92.9727303747783,99.48892345082126,8063781.604902867,11.624572647958601,1.3654872178391155,17.655969907946528,4155369.3479404887,15.847878331980388,0.40616690347063583,26.47093920764249,1,-42865800.18272874,8.46845523741917,-0.8004313528826499,3.683187643507778,-46774212.43969111,12.691760921440956,-1.0883604780615554,5.021320904937983
NGC0289,4,163.0,1,20135544.19215617,9.854168204897986,28,20135545.253609378,9.854167933269244,67.5239636445728,74.18837266492321,3412495.2875642874,22.688368285180392,37.996591934109695,54.657614484985714,5094795.2268097885,18.57402484195374,37.73153712553085,64.38917320693248,1,-16723049.96604509,12.834200351911148,-0.7708913341149537,2.30241339896196,-15040750.02679959,8.719856908684497,-0.5968366611732366,1.8848902279455648
NGC0300,7,93.3,0,45866159.05511878,3.787876430962693,25,45866150.41188115,3.787876877839065,13.417073404253614,19.854825053990016,55377119.81447497,3.142940100194351,5.56997280206064,21.664351926401643,69846738.34466317,2.313347835875524,2.0154666415569817,27.766473240502584,0,0.0,0.0,0.0,1.0,23980587.932782024,-1.4745290419635406,0.1826538396093426,0.6107241366290816
NGC0801,5,220.1,1,13721604.653364353,12.671138210535643,11,13721559.007469252,12.671160120866201,129.6608517588468,134.45664230444353,2993375.5827208227,28.84118766066225,8.398829200715289,20.388305564707142,2694196.8321452397,30.713641406712487,2.893451242807662,22.076613425194626,1,-10728183.424748428,16.17002753979605,-0.6612422458200825,2.2761284196202443,-11027362.175324012,18.042481285846286,-0.7069741364178277,2.4239012934683757
NGC0891,3,216.1,1,17976546.83793766,12.00881272493963,14,17976545.790743183,12.008813362007078,32.86502009807913,38.143134757309646,2541404.7111508907,199.99999999999997,2.433912535251554,15.629199183327847,12877311.12206179,13.427977957583165,11.372300343183552,32.48475898010562,1,-15435141.079592293,187.99118663799288,-0.8496324146789764,16.654434869705828,-5099234.668681392,1.4191645955760865,-0.1448810567570689,1.1181769216320718
NGC1003,6,109.8,1,10372132.666291377,9.336391396690544,36,10372132.997627113,9.336391213327454,188.52266582213096,195.68970369904318,2277741.330197119,22.766069813319493,30.50669707225905,48.4242917645396,2296804.3338191723,22.65213823884694,24.893109663022756,53.561261170671635,1,-8094391.667429994,13.42967859999204,-0.6583636746627124,2.4384228652310034,-8075328.663807941,13.315747025519487,-0.6547440779583386,2.4262199088778122
NGC1090,4,164.4,1,28768147.072879247,7.163803192076718,22,28768145.40794312,7.163803402524625,37.75573203588099,43.93781694259762,6346389.125796277,14.89798211911596,8.881266097346689,24.33647836413827,5684741.633608904,15.800954615664114,8.435522891383231,33.16386251824976,1,-22421756.28214684,7.734178716591336,-0.6563851680523378,2.079619062949955,-23083403.774334215,8.63715121313949,-0.7042011340114236,2.205665584024212
NGC2403,6,131.2,2,81962139.25436457,3.705781476857178,73,81962845.10183775,3.7057629474678855,1351.032918695259,1359.6138375775558,42508770.65645869,5.299038005921065,172.17745950261724,193.6297567083592,9929341.031336218,11.500509997207526,51.15697679350868,85.48065232269582,2,-72033504.07050154,7.794747049739641,-0.9166965981100184,3.1034122150381265,-72033504.07050154,7.794747049739641,-0.9166965981100184,3.1034122150381265
NGC2683,3,154.0,0,112155433.73828346,3.972478382944874,11,112155432.42111586,3.9724784076085773,6.2255907955225105,11.021381341119252,107085817.18339673,3.9690570026510845,5.8673652600661645,17.856841624058017,4933455.070274339,14.994864199921038,5.193860029321955,24.37702221170892,0,0.0,0.0,0.0,1.0,-107221977.35084152,11.02238579231246,-1.3566691367801547,3.774687402000987
NGC2841,3,284.8,2,169084788.14057884,6.0484655032770345,50,169083965.36097276,6.048478993010638,335.69558320632103,343.51962921717734,42316101.98637151,10.998397301331824,150.58859848919369,170.14871351633442,17336415.41588674,16.54458732848493,102.04585316045102,133.34203720387617,2,-151747549.94508603,10.496108335474291,-0.9891431193420377,2.735330212372919,-151747549.94508603,10.496108335474291,-0.9891431193420377,2.735330212372919
NGC2903,4,184.6,1,45333489.948091865,6.765686911744841,29,45333489.768944114,6.765686929020262,52.293072418295175,59.027664078268124,17718395.229154106,10.040740262660727,21.09724916643334,37.93372831636571,22724615.798718713,8.958139400651495,19.545039988974747,46.48340662886654,1,-27615094.53979001,3.2750533336404644,-0.40799476741113555,1.484068117250989,-22608873.9702254,2.192452471631233,-0.29992260289323097,1.3240546739204089
NGC2976,5,85.4,0,83707766.50453162,3.3148266973941665,24,83707794.30575062,3.3148239312483803,5.710983298819298,12.06709095951519,82440496.2218812,2.8839273715128524,4.127117767365461,20.01738691910519,22801882.761774033,0.8408015339245585,4.732447028071126,30.15687767085469,0,0.0,0.0,0.0,1.0,-60905911.54397659,-2.4740223973238216,-0.5647951900789311,0.2536489271717995
NGC2998,5,209.9,1,26182816.22574753,9.83526695416896,13,26182905.6236363,9.835249499721685,61.119875316046766,66.24977403096985,12881670.858633813,13.738763364495364,6.530062680264352,19.354809467572036,13452005.440463725,13.460669183908436,3.279190421426936,23.79878528111923,1,-13301234.76500249,3.9035138647736787,-0.30804564207310525,1.3968901719152258,-12730900.183172576,3.6254196841867508,-0.28923080602938533,1.3686149176275946
NGC3109,9,66.2,0,21153866.804470573,4.6819461467899,25,21153865.83506957,4.6819464301621165,3.427055384510787,9.864807034247189,14578526.282645637,6.159334892261991,2.3093412580956354,18.40372038243664,17263035.754782785,5.468120894370641,1.1607653760026997,26.911771974948305,0,0.0,0.0,0.0,1.0,-3890830.080286786,0.7861744642085249,-0.08827257554812364,1.1679161596433094
NGC3198,5,150.1,2,34345557.705943584,6.696269232646883,40,34345557.41550827,6.696269263895513,67.92943217248116,75.30719108070903,23537001.126109134,7.950674008599984,34.92269478269256,53.36709205326224,3163523.3022043924,20.068002676566532,14.47195701852038,43.98299265143187,2,-31182034.113303877,13.37173341267102,-1.0356995314283313,2.9968930288941364,-31182034.113303877,13.37173341267102,-1.0356995314283313,2.9968930288941364
NGC3521,4,213.7,1,71836502.73786022,5.665716212311973,41,71835343.01028535,5.66577499885404,30.907453416506087,38.334597549914704,30054691.11032994,9.629855602254107,2.235874898016957,20.803735231538496,14392660.202819178,14.458463765198257,1.2243470395891733,30.932923573223636,1,-41780651.89995541,3.964080603400067,-0.3784259010096451,1.6996537286076205,-57442682.80746617,8.792688766344217,-0.6981970976091884,2.5518951543473976
NGC3726,5,168.0,1,9191219.288853958,12.75952305283469,12,9191233.160304613,12.759507980476243,24.244369983245537,29.214183282821537,1285680.5324466852,199.99999999999997,5.5858317589868784,18.01036500792688,1297493.983188682,199.99999999999918,5.064534594713328,24.94378779301733,1,-7905552.627857928,187.24049201952374,-0.8542407153474381,15.674585595778987,-7893739.177115931,187.24049201952295,-0.8502684306983309,15.674585595778925
NGC3769,3,118.6,0,22870875.745616954,6.533191146732119,11,22870876.13565917,6.533191076796179,5.6419888164896985,10.43777936208644,2837291.5841503697,17.823485986030082,0.5587378130019124,12.548214176993765,2740660.848044923,18.172358147347467,0.5400395594336441,19.72320174182061,0,0.0,0.0,0.0,1.0,-20130215.287614245,11.639167070551288,-0.9214275061560744,2.781543955126296
NGC3877,5,168.4,0,612510084.2649623,1.217018928306068,11,612510029.85513,1.2170189767008301,7.097287602598633,11.893078148195375,1708388.1851814212,199.99999999999145,1.5373580503433566,13.52683441433521,1753927.8369731398,199.99999307275854,1.3952973305454766,20.57845951293244,0,0.0,0.0,0.0,1.0,-610756102.0181568,198.7829740960577,-2.543101483740276,164.3359692015081
NGC3893,5,174.0,0,69404693.34306891,5.128264918629717,10,69404693.6947223,5.128264900047348,2.826822144970584,7.431992330958676,32222211.92080521,7.319853359848437,1.222659931658477,12.735585396628707,3494934.8099028855,11.93765238084064,0.33538710254701803,18.756067846499384,0,0.0,0.0,0.0,1.0,-65909758.88481941,6.809387480793292,-1.297949762501478,2.3278150823937396
NGC3917,6,135.9,0,52879380.32435883,4.610238390512981,16,52879380.04176983,4.6102384055069825,8.922137725539228,14.46731517001879,31770590.978795007,5.91775114901363,1.767374862290721,15.630318473489627,2086111.5500522105,199.99999999999952,0.4599248125320256,22.640634590450276,0,0.0,0.0,0.0,1.0,-50793268.49171762,195.38976159449254,-1.4039488272185305,43.38170446046721
NGC3949,4,163.0,0,25643235.577854022,11.56892908843688,7,25643006.510799583,11.569176652249077,2.0900154499107275,5.9818357480213535,168829478.86186785,1.2710858959587867,0.6209722147325448,10.35052296000911,38590332.587286115,0.1300142907962812,0.3539540282385535,15.921235220681059,0,0.0,0.0,0.0,1.0,12947326.076486532,-11.439162361452796,0.17750957888591046,0.011237989936907576
NGC3953,4,220.8,0,152752492.0114446,3.404674631221639,8,152752497.03074384,3.40467457300834,1.1034639097795327,5.262346993139204,5780075.2141541345,23.994760192086332,0.33109772147335836,10.728305429872538,6426716.958649835,21.34655639227371,0.19757976087764526,16.83311209431633,0,0.0,0.0,0.0,1.0,-146325780.072094,17.94188181926537,-1.3759991449314948,6.269778780475951
NGC3972,4,132.7,0,68902651.00749058,3.895629850285015,10,68902649.64297846,3.895629905865872,6.289870826671731,10.895041012659822,23888217.95347045,8.186170536805847,1.450723416167464,12.963648881137694,45340424.63673551,4.47043012338291,0.6011652669729737,19.02184601092534,0,0.0,0.0,0.0,1.0,-23562225.006242953,0.5748002175170375,-0.18175033976603264,1.1475500063934534
NGC3992,4,241.0,0,83956408.44547503,6.802959881289417,9,83956416.42946222,6.802959565729908,4.969325277037056,9.363774431709494,30138621.376992807,10.50022060902443,2.733274567710642,13.71939745439174,30138627.25832656,10.500219706325364,2.7332745677103945,20.311071186400152,0,0.0,0.0,0.0,1.0,-53817789.171135664,3.697260140595456,-0.44493042564590485,1.5434781884079547
NGC4010,7,125.8,1,24253346.67138931,6.878653595167901,12,24253351.150103696,6.878652502839124,14.599958639215355,19.569771938791355,9227379691.952599,0.10000000000000099,1.127066256033274,13.551599504973275,8450363877.57481,0.10000000000000787,0.8694590142436672,20.74871221254767,1,9203126340.802494,-6.7786525028391225,2.5803066367946625,0.01453773103943346,8426110526.424706,-6.778652502839116,2.5421036556156236,0.01453773103943446
NGC4013,3,172.9,1,15899311.532572253,11.009718553621694,36,15899311.594210511,11.009718523509179,61.43558110920769,68.60261898611991,5066217.268039153,22.90910455615617,24.529548348582797,42.447143040863345,5066224.151895773,22.90907822527299,24.529548348554247,53.19769985620313,1,-10833094.326171357,11.89938603264699,-0.49669450985952235,2.0808074708938378,-10833087.442314738,11.89935970176381,-0.49669391975081706,2.0808050792901716
NGC4051,4,157.0,0,73617867.01300985,2.895883171321672,7,73617884.86334975,2.895882782604869,3.097312746505912,6.989133044616539,912516.9719998424,199.99999999994196,0.756457890435158,10.486008635711723,875556.7002220219,199.99999808194633,0.7411557745300277,16.308436966972533,0,0.0,0.0,0.0,1.0,-72742328.16312774,197.10411529934146,-1.9246990596209002,69.06356820908503
NGC4085,5,131.5,0,27930684.413429014,6.09585682973553,5,27930686.086690716,6.09585638836713,1.2638826025049226,4.482758427373123,9042654.012138188,199.99999999357382,0.5639063109767684,8.61109587314727,26736354.90101439,5.319946703844947,1.0120330374818627,13.887536336954664,0,0.0,0.0,0.0,1.0,-1194331.185676325,-0.7759096845221833,-0.018979406344571903,0.8727152289868786
NGC4088,4,171.7,0,1960409.2286907337,199.99999999999997,9,1960409.2385320205,199.9999999961127,1.6934401544752669,6.087889309147706,1939962.006046269,199.99999999999997,1.6548433488667393,12.640966235547838,1939961.873627071,199.99999999999997,1.6548433488651972,19.232639967554952,0,0.0,0.0,0.0,1.0,-20447.36490494944,3.8872656205057865e-09,-0.004553545724099754,1.0000000000194362
NGC4100,4,158.2,0,128980625.71041387,3.737084906944806,24,128980624.29810762,3.7370849275769,13.496874279724324,19.852981940420214,159152571.44734323,3.17085501524178,7.461485062049917,23.351754213789647,26874367.44533185,6.0205738418278125,3.796903592095958,29.221334234879524,0,0.0,0.0,0.0,1.0,-102106256.85277578,2.2834889142509125,-0.6811862238492623,1.6110347927606534
NGC4157,3,184.7,0,8884756.266513513,15.8552881775185,15,8884755.604927352,15.855289133263742,3.5541418930696453,8.970242295274065,5438846.719741755,22.825422694890552,0.716505798214563,14.256756803725613,5403516.2387595335,22.945753753628686,0.7150710541698649,22.379472662987546,0,0.0,0.0,0.0,1.0,-3481239.366167818,7.090464620364944,-0.2159690251079932,1.4471986957014515
NGC4183,6,110.6,0,64879272.25317342,3.436069326138445,23,64879272.26418448,3.4360693262227375,8.067483288569345,14.338471720427645,8008284.245316341,9.44833617526928,3.3024321441245115,18.97990322377026,1686009.8309454846,31.028825276139937,1.2197927496217438,26.30374647705494,0,0.0,0.0,0.0,1.0,-63193262.433239,27.592755949917198,-1.5852458672280796,9.030325738581604
NGC4217,3,181.3,0,9356679.91970346,15.395859625808225,11,9356678.417066757,15.395862432976166,5.4691461450446095,10.26493669064135,2055556.2619648953,199.99999999999997,0.2549085200216611,12.244384884013515,4615045.597756504,22.048192367189625,0.7351116424793971,19.91827382486636,0,0.0,0.0,0.0,1.0,-4741632.819310253,6.6523299342134585,-0.30694570699859175,1.4320855660521448
NGC4559,6,121.2,0,18051502.52404454,7.0082258549986385,32,18051502.227675714,7.008225929263707,7.374925210469364,14.306397016068818,42150585.61485239,2.8262092323112395,1.1581794216410892,18.486858935639724,7974021.730071989,7.547479568598063,0.7150323235964602,28.440919545994273,0,0.0,0.0,0.0,1.0,-10077480.497603726,0.5392536393343557,-0.35483593446370676,1.0769458126460558
NGC5005,4,262.2,0,31530823.501406174,11.57544586303026,13,31530814.494178522,11.57544995766529,0.3445647397666568,5.47446345468973,13527975.19637781,42.76716246846558,0.098866572610509,12.923613359918193,10397788.92807342,199.99999999999997,0.015460080239238307,20.53505493993153,0,0.0,0.0,0.0,1.0,-21133025.566105105,188.4245500423347,-0.48179419231034093,17.27794606097014
NGC5033,5,194.2,0,50744914.102036096,7.330155046448135,20,50744912.20527828,7.3301551861565635,44.54004314249101,50.53150768959899,32521744.861599468,8.412356530464386,38.8245464523692,53.80320782013915,32521837.0517808,8.412348101792148,38.824546452983526,62.79040464141545,0,0.0,0.0,0.0,1.0,-18223075.153497476,1.0821929156355843,-0.19321743597922753,1.1476357441489602
NGC5055,4,179.0,1,8183646.681664014,15.641145206126094,22,8183665.665533976,15.641122852025273,190.57790347235195,196.75998837906857,3290173.7735880283,23.401424216508353,24.889810091359788,40.34502235815137,4613847.008273668,19.852273072523833,34.80715414195073,59.53549376881726,1,-4893491.891945947,7.76030136448308,-0.39572904223068384,1.4961473314863867,-3569818.657260308,4.21115022049856,-0.24888468891075738,1.2692357997784849
NGC5371,4,209.5,2,80374395.42118196,4.415269584590223,19,80374388.95047802,4.415269750955694,208.40620858621722,214.2950865445501,1382693.5957488955,46.97503388771141,34.41131350665442,49.133508402486626,847987.5437268498,96.82367018473106,14.328899953181356,37.88441178651288,2,-79526401.40675117,92.40840043377537,-1.9767282113459512,21.929276272140196,-79526401.40675117,92.40840043377537,-1.9767282113459512,21.929276272140196
NGC5585,7,90.3,2,30063114.47920072,4.483990376163463,24,30063130.147604305,4.48398876673611,113.7802691661517,120.1363768268476,9770720.133979877,7.74248145855724,70.30614749587212,86.19641664761185,1074249.7374592733,71.09307993909967,58.800359693235784,84.22479033601935,2,-28988880.410145033,66.60909117236356,-1.446928940761315,15.85487467464113,-28988880.410145033,66.60909117236356,-1.446928940761315,15.85487467464113
NGC5907,5,215.0,1,49664025.7852989,7.443288924833738,19,49664457.5738479,7.443257490669429,171.44686914594124,177.3357471042741,12592799.099898484,13.752505563120913,58.89356997282274,73.61576486865494,12592877.617227908,13.75246292523706,58.893569972687274,82.4490818060188,1,-37071658.47394942,6.309248072451484,-0.595923421680818,1.8476460851126684,-37071579.95661999,6.309205434567631,-0.5959207138208477,1.8476403567223894
NGC5985,3,293.6,2,310377223.0274871,4.242461338162654,33,310377220.7429181,4.242461352602589,111.89964540163585,118.89266052456881,67636024.95692061,8.164498486767013,67.84569201420287,85.32822982153527,45972147.237616025,9.827696225819695,56.454481669416,84.42654216114784,2,-264405073.50530204,5.5852348732171055,-0.8293950509696064,2.3165081326647265,-264405073.50530204,5.5852348732171055,-0.8293950509696064,2.3165081326647265
NGC6015,6,154.1,2,166194728.66679484,3.000356773571081,44,166193176.37857732,3.0003735850751134,661.7902808176151,669.3586600854517,12283610.831165336,11.581754109632284,148.8331550523034,167.7541032218947,12010419.735521724,11.755365045861206,30.77283199061833,61.04634906196442,2,-154182756.6430556,8.754991460786092,-1.141055003164968,3.917967117273802,-154182756.6430556,8.754991460786092,-1.141055003164968,3.917967117273802
NGC6195,3,251.7,1,5685976.660105834,23.091938544987933,20,5685980.176931601,23.09192693072154,31.945113908347984,37.936578455455965,3775248.558245412,32.01877740944208,6.247096082118677,21.225757449888633,2865697.6154332715,41.29635930816765,5.5306192168098915,29.49647740524182,1,-1910731.618686189,8.926850478720539,-0.17785979089217946,1.3865788466030629,-2820282.5614983295,18.20443237744611,-0.29757497896549384,1.7883461796870186
NGC6503,6,116.3,1,45670002.34893084,4.502265851842735,31,45670001.62618759,4.502265889227137,73.85803114800325,80.72600555697355,17907219.13574683,6.949646655391778,20.952963879068843,38.12289990149458,741415.0390635808,199.9999999893429,11.158189195081214,38.630086830962384,1,-27762782.490440764,2.447380766164641,-0.40660287884180546,1.5435886787629862,-44928586.58712401,195.49773410011576,-1.7895696359412159,44.42207655214141
NGC6674,3,241.3,2,33300736.642531417,10.95584262702054,15,33300734.721024115,10.955842929334192,276.95636964069877,282.37247004290316,12492654.866037907,16.87977983483458,155.34599167788542,168.88624268339646,5582716.546012066,24.79477836677694,92.76803861118266,114.43244022000034,2,-27718018.17501205,13.838935437442746,-0.7756082377765278,2.263155699356468,-27718018.17501205,13.838935437442746,-0.7756082377765278,2.263155699356468
NGC6946,6,158.9,2,32683758.160595324,6.345145121323888,55,32683757.751537297,6.345145177141616,63.22039086185046,71.2350572323154,16692174.244869826,9.205543943674138,31.360467496848646,51.397133423011,19082098.70009023,7.644381813896618,17.951003158240194,50.00966864009996,2,-13601659.051447067,1.2992366367550021,-0.23370584503524822,1.2047607423444782,-13601659.051447067,1.2992366367550021,-0.23370584503524822,1.2047607423444782
NGC7331,3,239.0,0,7273057.142712636,23.2551071564545,28,7273057.455413766,23.255106247389136,12.214042573438183,18.87845159378859,4773393.141703728,32.049996804754706,6.28128922247812,22.942311773354138,5228032.0680075055,29.774956000909132,7.072741189372576,33.730377270774206,0,0.0,0.0,0.0,1.0,-2045025.3874062607,6.5198497535199955,-0.1433787755900276,1.2803620712011146
NGC7814,2,218.9,1,74634046.06913996,6.08373185275065,16,74634045.3216517,6.083731886165421,9.931330907937966,15.476508352417529,11534582.99786564,17.61896070475531,0.643745362364983,14.50668897356389,11453399.499459755,17.723691577729767,0.29628230147800844,22.476992079396258,1,-63099462.32378606,11.53522881858989,-0.8109350835490016,2.896077775028404,-63180645.82219194,11.639959691564346,-0.8140025725694991,2.9132926810982487
UGC00128,8,129.3,1,17939881.336496934,8.257130688783494,22,17939881.369592886,8.25713067973971,144.06243119849603,150.24451610521265,6535951.7343529975,13.125915709561303,46.0746672565619,61.529879523353486,6516539.684703202,13.145847806679704,45.29919481078743,70.02753443765396,1,-11403929.635239888,4.868785029821593,-0.4385107304460588,1.5896461154197299,-11423341.684889685,4.888717126939994,-0.4398025224864264,1.5920600407760654
UGC01281,8,55.2,0,28422769.01329979,3.307517251855521,25,28422765.93137437,3.3075176122877177,3.8827705206824814,10.320522170418883,17136539.557406988,3.34186316311588,0.3715231911533347,16.465902315494336,5169760.724179743,9.568752283966395,0.2436227715278514,25.994629370473454,0,0.0,0.0,0.0,1.0,-23253005.207194626,6.261234671678677,-0.7401958957660173,2.893031392612285
UGC02259,8,86.2,1,203486442.4701315,1.5996568703829896,8,203486534.8260546,1.59965648510897,13.843928519792604,18.002811603152274,307112144.3852041,1.1965415178259717,0.9730184696730416,11.37022617807222,245318542.10627526,0.9960936933394254,0.004582052722426377,16.640114386161112,1,103625609.55914947,-0.40311496728299834,0.17876131419920852,0.7479990416470335,41832007.28022066,-0.6035627917695446,0.0811946988286668,0.6226922483745444
UGC02885,5,289.5,1,16215113.58514762,18.07981860821555,19,16215119.028070247,18.07981526405417,75.25319532040287,81.14207327873575,11449617.303090815,21.619778745270803,11.663949592928912,26.38614448876111,9509511.454004519,23.7073387348692,8.800728629226793,32.35624046255832,1,-4765501.724979432,3.5399634812166347,-0.15112917011197097,1.1957964409213129,-6705607.574065728,5.6275234708150315,-0.23176193511886764,1.3112600094981905
UGC02916,2,182.7,1,22918577.021688893,9.84778869552034,32,22918577.279300425,9.847788608507644,90.25378935960387,97.18526116520333,7598800.151800197,13.899201768211276,17.097401353354325,34.42608086735296,6136858.504984162,15.056064682130168,11.86190640545291,39.58779362785072,1,-15319777.127500229,4.051413159703632,-0.4794426316249029,1.4114033435083648,-16781718.774316262,5.208276073622525,-0.5722415443037994,1.5288777288662574
UGC02953,2,264.9,2,108304655.54269873,6.560198421119699,106,108304692.29056478,6.560197284410797,1122.7158600662985,1132.0427382545226,24676058.974622957,12.992922657751961,276.71280712806396,300.03000259862426,23635320.54676501,13.291791389188097,218.0499169108158,255.35742966371234,2,-84669371.74379976,6.7315941047773,-0.6610857761361385,2.026126778347627,-84669371.74379976,6.7315941047773,-0.6610857761361385,2.026126778347627
UGC03205,2,219.6,1,131969710.8000182,4.583007942006561,46,131969705.82446268,4.583008022799287,333.49542408466175,341.15270687763996,13229672.747780766,13.996850521387273,39.955592425512286,59.09879940795776,13335525.812024456,13.938470827150251,39.34550179893147,69.97463297084423,1,-118740033.07668191,9.413842498587986,-0.9989251470931738,3.0540750641841643,-118634180.01243822,9.355462804350964,-0.9954641042633772,3.041336772226874
UGC04278,7,91.4,1,23021821.73712196,6.38081438112491,25,23021804.0484085,6.380821386976282,14.896481053830243,21.334232703566645,75065925.77674796,1.3646282793828264,0.88591582538693,16.980294949727934,71127359.01816405,1.4491383218924359,0.554001932505197,26.305008531450802,1,52044121.728339456,-5.016193107593455,0.5133034919847729,0.213864046119224,48105554.96975555,-4.931683065083846,0.4898973304309019,0.22710842915149324
UGC04325,9,90.9,0,309717964.8227429,1.3598912390115745,8,309718032.431841,1.3598910664280361,2.4715875163453687,6.63047059970504,53953702.46748348,2.9311635951705077,0.11114843389274301,10.508356142291921,157524426.25264993,1.5925474300235483,0.0015862742116863836,16.637118607650372,0,0.0,0.0,0.0,1.0,-152193606.17919108,0.23265636359551212,-0.29361858515635525,1.1710845591526826
UGC04499,8,72.8,0,37702725.706593014,3.0157201954813275,9,37702725.49004988,3.015720206626552,1.7025871109124615,6.097036265584901,21469921.781656384,4.035995248665751,0.5166055211749677,11.502728407856067,1278871.4680760163,146.27721806927147,0.048094974061276476,17.62589159275103,0,0.0,0.0,0.0,1.0,-36423854.02197387,143.26149786264492,-1.4695458477656222,48.50490365381086
UGC05253,2,213.7,1,39012764.32691596,9.095506771915426,73,39012764.5034539,9.09550674502104,100.20842293279439,108.78934181509118,23169961.45940402,10.53202328880238,60.54774323038984,82.0000404361318,26194165.389110718,10.418246108801856,57.07456041157462,91.39823594076175,1,-15842803.044049881,1.4365165437813392,-0.2262814147744721,1.1579369444773049,-12818599.114343185,1.3227393637808156,-0.17300216085738804,1.1454277810859625
UGC05716,9,73.1,1,37074584.08357304,3.176756421096815,12,37074584.71126474,3.1767563894574398,25.47697642822065,30.44678972779665,24123103.59760686,3.9331201077937057,6.905080239514266,19.329613488454267,714114.2450955996,199.99999999998707,2.286514184660905,22.16576738296491,1,-12951481.113657877,0.7563637183362659,-0.18664311306979395,1.2380930816245075,-36360470.466169134,196.82324361052963,-1.7153085985702612,62.95729841410508
UGC05721,7,79.7,0,480354016.59642833,1.0180381905481086,23,480354034.13567924,1.0180381702991144,8.247929219199582,14.518917651057881,338933054.9143721,1.1344500441656296,6.686201669831345,22.363672749477093,52825186.774901435,2.623125531089961,1.0010120172127668,26.084965744645963,0,0.0,0.0,0.0,1.0,-427528847.3607778,1.6050873607908465,-0.95872040109944,2.5766475242468054
UGC05986,9,113.0,1,91297952.76094882,3.3007454747617166,15,91297955.26946175,3.3007454124223634,11.319809577099107,16.73590997930353,77249529.28151467,3.062129376643694,2.17270795567294,15.71295896118399,50903032.7836027,3.646249127288445,1.3492470688035447,23.013648677621227,1,-14048425.987947077,-0.2386160357786693,-0.07256520934151174,0.9277084397722293,-40394922.48585905,0.3455037148660818,-0.2537173928716154,1.1046744512817552
UGC06399,9,85.0,0,45804276.82686186,3.484253485968203,9,45804277.52590982,3.484253448051751,0.3300738521825873,4.724523006855026,45812905.3203373,3.415582761001749,0.23736661596449302,11.223489502645592,3191580.168279683,170.63575556013006,0.005556923303941636,17.5833535419937,0,0.0,0.0,0.0,1.0,-42612697.35763013,167.1515021120783,-1.1569002795672483,48.97340509357677
UGC06446,7,82.2,0,120532190.9126556,1.9559427760410233,17,120532470.36750123,1.9559402132972517,6.744344463864138,12.41077115197657,49198020.83121284,3.0642349550716275,0.9990646971268623,15.165131417407942,44769639.36377577,3.057171233722722,0.388419147355087,23.054125899804816,0,0.0,0.0,0.0,1.0,-75762831.00372547,1.1012310204254703,-0.43012046172169544,1.56301875330282
UGC06667,6,83.8,0,60055514.2209283,3.0951804936464526,9,60055514.71843711,3.0951804756543955,0.6595284031508348,5.0539775578232735,60813693.12764143,2.9581866482406647,0.23285182161411397,11.218974708295212,49708555.68719463,3.2724055895780664,0.06745075863132978,17.645247377321088,0,0.0,0.0,0.0,1.0,-10346959.031242482,0.1772251139236709,-0.08212174890667218,1.0572584103956657
UGC06787,2,248.1,2,75771162.21711752,7.041693376425534,55,75771165.00094503,7.041693221934551,1787.4728633308964,1795.4875297013614,9945530.32792431,22.53545078989797,787.2609830140416,807.297648940204,4410260.289928097,51.88970565211478,316.3394166865863,348.398082168446,2,-71360904.71101694,44.848012430180226,-1.2350397427622493,7.368924492546867,-71360904.71101694,44.848012430180226,-1.2350397427622493,7.368924492546867
UGC06818,9,71.2,1,7671381.836309597,20.83513394224521,8,7671343.935693731,20.835544993715782,7.264004239261161,11.422887322620833,2919692.8777113524,121.09447226501513,0.8915993671990541,11.288807075598234,1449006204.0598652,0.10000000000000014,0.3664968850601575,17.002029218498844,1,-4751651.057982378,100.25892727129934,-0.4195342838204851,5.811917677293226,1441334860.1241715,-20.73554499371578,2.2761987906834635,0.00479949048753758
UGC06917,9,108.7,0,56228968.734049864,3.652262665166753,11,56228969.09333255,3.652262650382014,1.7605224412812652,6.556312986878007,4446281.877705195,29.438471982905288,0.22294105305863182,12.212417417050485,55275018.25120081,3.4019843139675294,0.052523679589950655,19.235685861976915,0,0.0,0.0,0.0,1.0,-953950.8421317413,-0.2502783364144845,-0.0074312265406709785,0.9314730728940576
UGC06930,7,107.2,0,51726143.91696869,3.689289726918375,10,51726143.79883361,3.689289731620185,1.4052984799738888,6.01046866596198,13739758.450254165,6.993717038409211,0.0632227849242434,11.576148249894473,917527.0983282636,199.99999999999997,0.02632894438944267,18.44700968834181,0,0.0,0.0,0.0,1.0,-50808616.700505346,196.31071026837978,-1.7510912032122599,54.21097678662613
UGC06983,6,109.0,0,78748790.74962184,3.1921395356935975,17,78748791.42344625,3.192139518750727,6.351340534229913,12.017767222342346,35926104.17594312,4.632884851566317,1.3741330959782918,15.540199816259372,45083446.747644015,3.8221257453382704,0.6190661208515859,23.284772873301314,0,0.0,0.0,0.0,1.0,-33665344.67580224,0.6299862265875436,-0.24222678569684358,1.1973554798864476
UGC07125,9,65.2,0,9598136.649243286,4.759320910416555,13,9598136.935575593,4.759320824532983,2.7123942852944003,7.842293000217474,9419327.499601897,4.661940734530147,2.0851855895590568,14.90993237686674,10480420.764062326,4.2191413403664155,1.713947278518242,22.233542138210534,0,0.0,0.0,0.0,1.0,882283.8284867331,-0.5401794841665675,0.03819177721945921,0.8865007205687644
UGC07151,6,73.5,1,123576781.24042876,1.5734537237516102,11,123576788.05991974,1.5734536689996086,8.151040613306362,12.946831158903104,20367695.66842598,4.238024618521941,0.62590697475698,12.615383338748833,33074442.798986368,2.5510105322047876,0.07485619313555493,19.25801837552252,1,-103209092.39149377,2.664570949522332,-0.7829950058973779,2.6934537076115173,-90502345.26093337,0.977556863205179,-0.5724443666651495,1.6212809963617825
UGC07261,8,74.7,0,153922409.00894353,1.4913866829472762,7,153922463.95968765,1.4913863866690926,1.8622060134213476,5.754026311531974,322244256.2387513,0.8243817822761351,0.02308319906271046,9.752633944339276,9999999999.952412,0.12454807740727143,0.015086888619590096,15.582368081062096,0,0.0,0.0,0.0,1.0,9846077535.992723,-1.3668383092618213,1.8126979931502774,0.08351160941293079
UGC07399,8,103.0,0,315072952.3993158,1.5284799482477989,10,315072958.1391261,1.528479931171564,7.083375422957961,11.688545608946054,388272056.11177397,1.300412052120617,0.30555760909454754,11.818483074064778,18653791.477704227,9.682583798809308,0.05721601804908122,18.47789676200145,0,0.0,0.0,0.0,1.0,-296419166.6614219,8.154103867637744,-1.2276440127788504,6.334779804002862
UGC07524,9,79.5,0,31553758.97443482,3.6000872037576017,31,31553759.384091076,3.6000871751748837,6.758418827603974,13.626393236574266,30708054.952277604,3.174713690392131,5.10691978571045,22.27685580813618,25426327.472125247,3.910719887135169,2.1631638894216554,29.635061525302824,0,0.0,0.0,0.0,1.0,-6127431.911965828,0.3106327119602854,-0.09376747338045338,1.086284775019426
UGC07603,7,61.6,0,129718010.0026597,1.5347719742460764,12,129718014.48279658,1.5347719395364563,2.034207454953796,7.0040207545297966,29857145.617769625,3.3334883770155606,0.2871933815062786,12.71172663044628,96799390.83405976,1.4632504815134255,0.1295238464851679,20.00877704478917,0,0.0,0.0,0.0,1.0,-32918623.64873682,-0.07152145802303078,-0.1271276682933732,0.9533992926371639
UGC08286,6,82.4,1,154726364.47215495,1.7864702257581546,17,154726365.99290103,1.786470216167797,18.5772992100487,24.24372589816113,38130804.586213455,3.5418395429386016,0.3378531337399873,14.503919854021067,41775971.168425076,3.322023760293548,0.2288013342509782,22.894508086700707,1,-116595561.40668757,1.7553693267708046,-0.6082883562431025,1.982590871588272,-112950394.82447594,1.5355535441257508,-0.5686377707740543,1.8595461207406558
UGC08490,9,78.6,1,245232919.5224156,1.4014739333078134,30,245232925.06244913,1.4014739174681896,18.52699052626081,25.329385289585122,304223758.4842706,1.0994937490513685,1.0935835097128237,18.099570418023603,137726492.91899598,1.4037364764097215,0.41062960945117744,27.62020866274842,1,58990833.421821445,-0.30198016841682107,0.09361434915694841,0.784526729571708,-107506432.14345315,0.0022625589415319336,-0.2505612895884445,1.0016144138776548
UGC08550,7,56.9,1,130583136.97762644,1.3060817675626135,11,130582864.3024761,1.306083308302671,8.470169969998997,13.265960515595738,37784572.21316873,2.4724568013564405,0.891122721276835,12.880599085268688,68317123.96358258,1.4540319407966367,0.2559498498926008,19.439112032279567,1,-92798292.08930737,1.1663734930537695,-0.5385716808982479,1.8930314671653967,-62265740.33889352,0.14794863249396561,-0.2813566155178046,1.1132765663212045
UGC08699,2,182.4,2,124603644.35626376,3.8185638018329855,37,124603635.48561525,3.8185639563562086,111.56490003684524,118.7867358621337,46439940.32690855,6.507449346611706,17.362968838965926,35.41755840218705,5864101.756756925,22.382862185506756,1.431256587510441,30.318599888664234,2,-118739533.72885832,18.56429822915055,-1.3273292158695325,5.8615915410423485,-118739533.72885832,18.56429822915055,-1.3273292158695325,5.8615915410423485
UGC09037,6,152.3,0,4474451.360945748,20.96699912069974,19,4474451.720593925,20.96699716892098,8.510128569094716,14.399006527427597,2999948.443466172,24.589716802224668,5.570130556127288,20.29232545195949,3222727.3860997898,23.653792538479085,5.598301304231638,29.153813137563162,0,0.0,0.0,0.0,1.0,-1251724.3344941349,2.686795369558105,-0.14251625675964408,1.1281440231002986
UGC09133,2,226.8,2,21487368.11092828,13.141313426264984,64,21487375.631834254,13.141311267293315,671.70625877015,680.0240249368694,8375775.926164909,19.76056081549271,353.1474534830771,373.94186889987543,4413683.506326062,26.199961191702155,269.7833126746507,303.05437734152804,2,-17073692.125508193,13.05864992440884,-0.6873821881980405,1.9937098101397077,-17073692.125508193,13.05864992440884,-0.6873821881980405,1.9937098101397077
UGC10310,9,71.4,0,71054724.11144112,2.136004763138074,7,71054740.16281247,2.1360044719595854,0.46800799113805663,4.359828289248683,3114601.874925059,14.937979830422522,0.015958498106926327,9.745509243383491,23738535.363383614,2.8282474917674736,0.005963632809046389,15.573244825251551,0,0.0,0.0,0.0,1.0,-47316204.79942886,0.6922430198078882,-0.4761391355896735,1.3240831322664879
UGC11455,6,269.4,2,20793124.78957508,13.367139427378138,33,20793130.108468767,13.367137260980762,56.90885315649863,63.90186827943159,14024433.69485546,16.627419148146654,45.90765647029715,63.39019427762955,7218580.441740377,24.37258006182237,31.675784762286384,59.64784525401822,2,-13574549.66672839,11.005442800841607,-0.4594680705907192,1.8233208491818933,-13574549.66672839,11.005442800841607,-0.4594680705907192,1.8233208491818933
UGC11914,2,288.1,2,1541227469.8658829,1.3891576830597625,63,1541227641.3870654,1.3891576073130247,499.36768402339544,507.6539534761785,46101239.05286525,16.698921632160342,32.92884084366007,53.64451447561773,184117475.29487026,3.6120937919226446,4.509817408567937,37.654895219700194,2,-1357110166.092195,2.22293618460962,-0.9227717783195573,2.6002044497379457,-1357110166.092195,2.22293618460962,-0.9227717783195573,2.6002044497379457
UGC12506,6,234.0,1,135150576.0153283,5.468180200017451,31,135150566.6303559,5.468180384723285,21.004223962875546,27.87219837184584,50012806.720899135,8.480373160111869,3.4186300856275054,20.588566108053236,50492954.66092923,8.443883453105663,2.471530568155335,29.943428204036504,1,-85137759.90945676,3.012192775388584,-0.4317366429985729,1.550858341067879,-84657611.96942666,2.975703068382378,-0.427587086109817,1.5441852424429416
UGC12632,9,71.7,0,42024086.910916165,2.8508320535667573,15,42024085.69640683,2.8508321014658153,0.8544147562417765,6.270515158446196,17888353.991718896,4.224984906101782,0.4691703384244182,14.009421343935468,34641981.63282218,2.94249675133716,0.25892789811969424,21.923329506937375,0,0.0,0.0,0.0,1.0,-7382104.063584648,0.09166464987134448,-0.08389554632072597,1.0321536472892294
UGCA442,9,56.4,0,32126557.52234792,2.8423077746000938,8,32126558.27623412,2.842307730786172,3.680813406243279,7.83969648960295,22655978.168522906,2.561356132095653,0.11650870091610908,10.513716409315288,24071730.41516823,2.0354625359317065,0.04921027574478701,16.684742609183473,0,0.0,0.0,0.0,1.0,-8054827.861065891,-0.8068451948544655,-0.12535689100454928,0.7161302465193327
