Galaxy,T,V_flat,logM_star,logM_halo,n_pts_total,n_pts_used,n_excluded,is_clean,elapsed_sec,burk_rho0,burk_a_kpc,burk_chi2,burk_chi2_red,burk_bic,gnfw0_rho_s,gnfw0_r_s_kpc,gnfw0_gamma,gnfw0_chi2,gnfw0_chi2_red,gnfw0_bic,gnfw1_rho_s,gnfw1_r_s_kpc,gnfw1_gamma,gnfw1_M_sh1,gnfw1_r_sh1_kpc,gnfw1_sigma_sh1_kpc,gnfw1_chi2,gnfw1_chi2_red,gnfw1_bic,gnfw2_rho_s,gnfw2_r_s_kpc,gnfw2_gamma,gnfw2_M_sh1,gnfw2_r_sh1_kpc,gnfw2_sigma_sh1_kpc,gnfw2_M_sh2,gnfw2_r_sh2_kpc,gnfw2_sigma_sh2_kpc,gnfw2_chi2,gnfw2_chi2_red,gnfw2_bic,fw_gnfw_best_n_shells,fw_gnfw_best_chi2,fw_gnfw_best_chi2_red,fw_gnfw_best_bic
F571-8,5,139.7,9.70603466071435,11.85893371499108,13,9,4,False,2.574126958847046,29068745.066364277,8.157272934566318,9.30872579407842,1.3298179705826314,13.70317494875086,43035681.317400694,9.847554144342663,1.2434468612022531e-15,13.244068585503753,2.2073447642506254,19.835742317512413,9185084.952407783,26.088007517060944,1.2377674956226937e-17,20063359663.85138,6.403527247270014,1.8812556847761355,3.5287863252525407,1.1762621084175136,16.712133789269856,14343118.560796767,17.788002520695972,0.00010940828111269749,12580926784.841429,7.129537042747153,1.5016413845528036,3928735234.4017644,4.672111066206879,0.15192511217308804,0.623293151939268,0.623293151939268,20.398314347965243,1,3.5287863252525407,1.1762621084175136,16.712133789269856
ESO563-G021,4,314.6,11.191977493867602,12.91662065151034,30,27,3,False,2.7196459770202637,83788777.79692943,8.723264440653686,168.07098530143324,6.722839412057329,174.6626590334419,139993522.53752416,9.086946974341886,1.570279035487173e-16,224.32145329767025,9.34672722073626,234.20896389568324,78542679.65443397,12.052740496748303,0.0019862720055488768,22582744173.367634,4.953900595468493,0.13564396129255313,94.17307461205168,4.484432124383413,113.94809580807765,56660846.05068308,14.127984809758711,0.030212148658277063,15981488613.290094,4.949719420109011,0.16819180705734504,20758978548.157413,5.9706545722588285,0.7878681847664323,51.24846333179078,2.8471368517661544,80.91099512582974,2,51.24846333179078,2.8471368517661544,80.91099512582974
NGC0289,4,163.0,10.556694395304326,12.059907309860408,28,28,0,True,4.67642617225647,20135544.19215617,9.854168204897986,67.52396364455613,2.5970755247906205,74.18837266490654,348124.1369903892,57.39162031032806,1.5298176627700368,47.90176229576441,1.9160704918305762,57.89837582629002,457054.37313647475,55.6488736835933,1.3225244161444043,14498425924.329443,9.067141056792089,0.09632913742086105,42.425782391614426,1.9284446541642921,62.41900945266565,6841024.217476733,20.157672708966174,0.29121143294822316,5818625065.029943,0.2924336595139288,0.11321327049183495,20502927734.145237,8.426161831508157,0.09123299526994849,39.80525079801139,2.0950131998953365,69.79509138958822,0,47.90176229576441,1.9160704918305762,57.89837582629002
NGC0801,5,220.1,11.193917297086106,12.45120462430858,13,11,2,False,6.074560880661011,13721604.653364351,12.671138210535645,129.66085174574317,14.406761305082576,134.4566422913399,4758.198325409158,499.99999999999994,1.7381218647219934,17.207415175303147,2.1509268969128934,24.401100993698257,13472.104731172167,499.99999999999943,1.408134070595944,9192969073.34427,1.9261238630736504,0.7704495452294601,1.5959895747011115,0.3191979149402223,15.983361211491335,12634.208176674809,499.9991163388532,1.4303176676559815,3936522095.122484,2.0210273278723703,0.07470077604988784,3932824994.624607,0.8451810801700718,0.09653956941593514,1.9164561672330445,0.9582280836165222,23.49751362241838,1,1.5959895747011115,0.3191979149402223,15.983361211491335
ESO079-G014,4,175.0,10.412737668240323,12.152458642707415,15,15,0,True,6.5426130294799805,32069384.1192912,8.029104411232685,13.316413213502155,1.0243394779617043,18.732513615706576,48861466.55585109,9.353751745195302,2.1450261176365844e-14,21.656968390143597,1.8047473658452997,29.781118993450228,15478975.177460555,18.55663336396164,4.179896929478322e-05,17924457626.48302,6.252456339073934,1.7909972846852504,3.2384990190910137,0.35983322434344595,19.486800225704272,14346971.451841196,20.108108625039787,0.000145566896198099,13376663955.729887,5.999999999999995,1.4077240107200757,4262052798.027977,5.99999999999954,2.3999999089228754,2.8532377268242586,0.4755396211373764,27.22568953674415,1,3.2384990190910137,0.35983322434344595,19.486800225704272
NGC0247,7,104.9,9.564192460626195,11.485670961229207,26,26,0,True,8.347469091415405,50929873.87860606,3.156103749381639,92.97273037068663,3.8738637654452766,99.4889234467296,7987727.1605295,10.452613897598487,0.7636699401944513,36.13380304367288,1.571034914942299,45.90809265773733,10857181.61535191,15.920923514135866,4.100455073195844e-17,1779534415.1760247,2.0192907664301587,0.742778144994816,2.0060704503149145,0.10030352251574573,21.55464967844381,11556040.529229034,14.946167133530073,2.824913354138492e-17,1528345164.3188643,1.94694200166893,0.739846925122362,173943331.4626565,2.0737670304230527,0.07411655835658446,1.473597252260875,0.08668219130946322,30.796466094454214,1,2.0060704503149145,0.10030352251574573,21.55464967844381
NGC2683,3,154.0,10.604307070617006,11.985906659157925,11,11,0,True,3.477902889251709,112155433.73828346,3.9724783829448747,6.225590795522508,0.691732310613612,11.021381341119248,310809592.37723374,3.125083093880227,1.3497401931797528e-16,6.701938905928342,0.8377423632410428,13.895624724323454,195380636.93677777,3.584646746637094,0.22039974007723154,6222917795.4188595,6.59510910005965,0.08680686987584359,5.540130013522949,1.1080260027045898,19.927501650313175,13683.549577863845,200.83130500141655,1.7766256097879074,16028470287.062271,8.406332284473656,0.4012887050852918,6177054237.1776495,4.401985735097465,0.047243097102803305,5.14812157381676,2.57406078690838,26.729179029002097,0,6.701938905928342,0.8377423632410428,13.895624724323454
NGC2903,4,184.6,10.612057660349793,12.222039586718214,34,29,5,False,3.0865180492401123,45333489.948091865,6.765686911744841,52.29307241829588,1.9367804599368843,59.02766407826883,92331209.83330272,6.41870785881364,1.4193888492808773e-16,91.25870026794172,3.5099500103054506,101.36058775790114,34830292.61597619,9.863712945607855,0.0017163123370523268,18832856914.665108,7.349064092331685,1.9502645524089397,22.575434589460592,0.9815406343243736,42.77920956937943,30378891.493546244,10.541078222717273,0.010197204688958397,7177265478.958997,5.453372901871464,0.9156952885184363,13667341992.404812,8.361399949674139,1.6066516267836535,20.499195164743888,1.0249597582371943,50.80485763462215,1,22.575434589460592,0.9815406343243736,42.77920956937943
NGC1003,6,109.8,9.532754378992498,11.545151516990751,36,36,0,True,12.179834842681885,10372132.666291377,9.336391396690544,188.5226658220105,5.544784288882662,195.68970369892273,102755.00532604152,100.3880433880862,1.3330135455321543,79.48051279243651,2.408500387649591,90.23106960780484,3470970.7518856907,27.50925191649624,1.3804501134182721e-17,8899244746.85094,5.198833766670239,1.8598759045570055,33.47535297105714,1.115845099035238,54.9764666017938,3512972.2223707144,27.28290881675646,9.990347029343463e-23,6295532922.945733,5.999999999999999,0.8703519331847462,2476388111.098583,2.9460763152955254,1.1251400210495466,28.276437825377077,1.047275475013966,60.52810827148207,1,33.47535297105714,1.115845099035238,54.9764666017938
NGC2998,5,209.9,10.877665000130216,12.389381812395737,13,13,0,True,5.848801136016846,26182816.225747526,9.835266954168961,61.11987531371212,5.556352301246556,66.2497740286352,84854.10850511536,126.88648132428845,1.6653610820719222,8.718990828924111,0.8718990828924111,16.413838901308722,38047934.30079901,10.773068976664929,4.23439150019189e-06,10078232440.815365,1.4818983322369976,0.592759332894799,7.774479152591576,1.1106398789416538,23.1641752973608,35561429.310633846,11.13067684084074,4.402729446162277e-05,2480901879.907574,0.4109784683787801,0.10384575554028745,9401547256.654617,2.1978453876499864,0.391283965060655,4.129742243069488,1.032435560767372,27.21428646022332,0,8.718990828924111,0.8718990828924111,16.413838901308722
NGC1090,4,164.4,10.556573850030665,12.071049936260628,24,22,2,False,15.745105028152466,28768147.072879247,7.163803192076718,37.75573203586798,1.8877866017933989,43.93781694258461,60720111.91719879,6.558609112697342,9.442671690260475e-17,30.364893103644455,1.598152268612866,39.6380204637194,15043506.773123376,13.26526257551625,0.00023821474633416368,14858431977.988346,4.544443170012158,0.8802230888608684,9.675324354861035,0.6047077721788147,28.22157907501093,13240561.806326091,14.237429302476539,0.00015019458193027256,11050364138.386799,4.088254590360236,0.5562737159425127,5351609894.760509,6.276403102811696,0.8917190748190708,9.370434798372681,0.7208026767978986,37.189816878597526,1,9.675324354861035,0.6047077721788147,28.22157907501093
IC4202,4,242.6,10.9536364872814,12.578016886240198,32,29,3,False,20.860880136489868,67070145.92413735,6.556600890462001,85.50909575933547,3.167003546642054,92.24368741930842,116375125.24174537,6.803258369374864,6.42390786965389e-17,96.75582943490653,3.721378055188713,106.85771692486595,17036598.834890384,20.78917559737928,0.0051461374327741215,31708018201.1096,5.371589830942596,1.3805772499807056,32.64185009401649,1.4192108736528908,52.84562507393534,12341355.58693858,26.675802300753904,0.003786734482755864,8266870978.904602,3.54554553726702,0.048110504183924985,28684498846.676144,6.1213632154511535,1.1024780772098797,10.615055595202875,0.5307527797601438,40.92071806508115,2,10.615055595202875,0.5307527797601438,40.92071806508115
NGC0024,5,106.3,9.28880794748348,11.502944290218425,29,29,0,True,24.50348711013794,384963086.2111849,1.547108646470732,21.14802776145075,0.7832602874611388,27.882619421423698,753021870.2163936,1.4313162434257225,5.145321904021255e-21,15.014539634939409,0.5774822936515157,25.11642712489883,902991341.7083255,1.2422072108561057,1.3009363435709692e-32,6936009971.248324,9.514725822134963,1.0319958282925064,5.571581650621587,0.24224268046180814,25.77535663054043,13603333.344077261,12.530258827892233,0.23661313283113963,974720399.926141,0.7373548822313426,0.2091994899752849,3496272861.29973,1.9359415351444704,0.5423703260447278,0.605208303148695,0.03026041515743475,30.910870773026964,0,15.014539634939409,0.5774822936515157,25.11642712489883
F571-V1,7,83.6,8.965906915495191,11.189963328965584,7,7,0,True,25.767934799194336,17634953.418500338,5.440086177585878,0.15692468117917271,0.03138493623583454,4.0487449792898,29516106.69626942,5.880402480997821,1.5905796946487486e-16,0.49084513808987146,0.12271128452246786,6.328575585255811,15739393.402533717,8.013996829274246,6.303987499625557e-31,2129542680.0300896,4.613595364077725,1.2264405506201623,0.06358530670597717,0.06358530670597717,11.739046201037857,18383453.785360333,7.368604339858245,6.247316409457365e-05,451032918.78125083,3.0954907861081775,0.1308657773301876,1234966439.0129304,5.20144503198798,0.7514565740853808,0.057324114164244946,0.057324114164244946,17.570515455662065,0,0.49084513808987146,0.12271128452246786,6.328575585255811
NGC3769,3,118.6,9.970323626438503,11.645598563733266,12,11,1,False,1.8847630023956299,22870875.745616954,6.533191146732119,5.641988816489667,0.6268876462766297,10.43777936208641,48410653.100792296,5.997897079647539,2.9972259987179e-17,6.100147649606722,0.7625184562008402,13.293833468001834,5542390.360711707,17.67175225841727,0.002087552675868514,14006726820.657475,6.0972753786703375,1.5510063226147257,0.6198938782592129,0.1239787756518426,15.007265515049436,9783184.343796033,12.197917203905977,0.17957969691545553,4346942370.789651,5.9858535739043335,1.196149864730787,4594914113.437293,5.786335932975992,0.9728287256772075,1.0036132319405164,0.5018066159702582,22.584670687125854,0,6.100147649606722,0.7625184562008402,13.293833468001834
NGC3877,5,168.4,10.559517619720909,12.102370758139427,13,11,2,False,5.103434085845947,612510084.2649623,1.217018928306068,7.097287602598875,0.788587511399875,11.893078148195617,2367347040.4395647,0.8191585346758143,4.025967996621158e-13,7.540078443342503,0.9425098054178129,14.733764261737615,1719923.2724714587,499.99999999999994,1.77142861369368e-39,12665818232.477076,2.9884907120409023,0.848151644423171,1.5400894536135454,0.3080178907227091,15.927461090403769,16449673.652263548,5.997506192437758,0.24421811734424312,10430447884.355415,2.9260333354675723,0.7448854990361123,155722333.16198868,9.915381464929895,0.659849886112363,2.5536159957549462,1.2768079978774731,24.134673450940284,0,7.540078443342503,0.9425098054178129,14.733764261737615
NGC3726,5,168.0,10.545517407601492,12.099272341826122,12,12,0,True,10.159897089004517,9191219.288853958,12.75952305283469,24.244369982813396,2.4244369982813394,29.214183282389396,37993.03776180258,499.9999976424228,1.0946411923117936,20.388632658165864,2.265403628685096,27.843352607529866,967295.532778328,499.99999999999994,0.09794405641720297,15899435910.821209,7.000307484725794,0.07261692541994057,6.312314104936538,1.0520523508227564,21.221754003664543,967340.4474055455,499.99999999999994,0.09793001384244006,7888305310.620733,6.813792060156555,0.20985895219197645,8011222885.559419,7.75997546449288,0.14032350209100491,6.31231410416201,2.1041047013873366,28.676473952254014,1,6.312314104936538,1.0520523508227564,21.221754003664543
F574-1,7,97.8,9.514348489301938,11.394361061011338,14,14,0,True,36.126391887664795,53940499.73553294,3.5408736135661827,1.1309324298443786,0.09424436915369822,6.409047089074895,91760568.61102107,3.7171691100230833,2.0814060208501001e-16,4.114360446551958,0.37403276786835976,12.031532435397732,53035045.11420946,4.708370713536135,1.274941202210717e-32,2126867367.2003882,3.1018855779314527,0.7965997243358127,0.28636083675944957,0.035795104594931196,16.120704814451,58136418.62308145,4.500029716409847,9.342837806228485e-05,802185560.2373048,2.3814561858497094,0.15174216782780883,1060119727.8054001,3.375242467076156,0.1509396538586458,0.28171530975078823,0.05634306195015765,24.033231276288113,0,4.114360446551958,0.37403276786835976,12.031532435397732
NGC3953,4,220.8,10.849115239736914,12.455341703820018,8,8,0,True,5.0902769565582275,152752492.0114446,3.404674631221639,1.1034639097795353,0.18391065162992257,5.262346993139207,360570315.1224266,2.9396835345786534,6.82281224583843e-17,1.270976769202933,0.2541953538405866,7.50930139424244,5189.616927001868,499.99999999999994,1.6962551601434201,8827541088.08796,5.2174586240509155,0.25312767067945163,0.39887702438340683,0.19943851219170342,12.87552627446242,40721650.64923431,6.727812930281922,0.8642034862441713,1840609957.938879,4.315575253010637,0.10968630689641899,1847727007.0658324,4.365500229987064,0.08769553811350018,0.8745447383462016,0.8745447383462016,19.589518613464723,0,1.270976769202933,0.2541953538405866,7.50930139424244
NGC0100,6,88.1,9.208441356438568,11.258272221884678,21,21,0,True,46.79560208320618,27482929.52217859,4.737039354047202,1.625420802422791,0.08554846328541005,7.7144656778696366,38654272.90107263,5.949514742299977,2.872828974376643e-17,2.70300944455617,0.15016719136423165,11.836576757726439,32521443.73479775,6.340213929711799,6.711196925262018e-34,701809425.3282547,3.3712902251917596,0.4789009390854078,0.9263666756884843,0.061757778379232284,19.193501302029023,13328532.612041367,12.865956481665023,0.00030205349071962557,1369106556.3556573,3.4805964511524254,0.5121200610498776,469699214.1776364,1.7331537336530956,0.48427990498318746,0.20125862723758764,0.01677155226979897,27.601960566748396,0,2.70300944455617,0.15016719136423165,11.836576757726439
NGC3917,6,135.9,10.040720983601194,11.823002866846018,17,16,1,False,18.988415956497192,52879380.324358836,4.610238390512981,8.922137725539281,0.6372955518242344,14.467315170018843,89538060.21579485,4.905304561689716,1.7985141474503512e-16,13.491133994745866,1.0377795380573742,21.80890016146521,48574610.39660158,6.814084267089358,8.384292948263831e-29,2643661350.7858133,2.762989106391464,0.1588919498261114,3.2028462314351995,0.32028462314351996,19.838378564873885,38768650.96784133,7.347560676876778,0.00020316441472650838,3324355616.650722,2.892442487813653,0.3641054283583771,2386705342.881669,6.253483870971089,0.5002888085790765,0.7430766396618638,0.10615380566598054,25.696375139819896,1,3.2028462314351995,0.32028462314351996,19.838378564873885
NGC3949,4,163.0,10.279518656438448,12.059907309860408,7,7,0,True,20.64488911628723,25643235.577854026,11.56892908843688,2.090015449898758,0.4180030899797516,5.9818357480093844,1517223.0600137224,499.9999999999585,0.49173034393176157,1.7310687872820878,0.43276719682052195,7.5687992344480275,373252914.6389382,1.1507743940714736,6.895884121084458e-05,17767350624.536854,5.57969263953465,1.025755269665583,0.6350965260103443,0.6350965260103443,12.310557420342223,12697223.892674148,499.9997138518728,9.393199401187907e-05,2863972878.5499153,4.481051694032044,0.22325200577345294,720038170.246985,0.7002292513099613,0.03137110156213502,0.8407114851015244,0.8407114851015244,18.353902826599345,0,1.7310687872820878,0.43276719682052195,7.5687992344480275
NGC4010,7,125.8,9.93432166751343,11.722386419976283,12,12,0,True,4.85654878616333,24253346.67138931,6.878653595167901,14.599958639254494,1.4599958639254493,19.569771938830495,33046304.474846836,8.986066105746877,7.476285883646434e-16,16.50981658972082,1.8344240655245356,23.964536539084822,1058.4246382951217,120.79537448714231,1.9999999994540305,20945684177.528645,6.1578891124847015,1.6010665923485752,1.2964216962016908,0.2160702827002818,16.205861594929694,2057050.5959227518,18.030512248308398,0.022223032406615252,10726062690.346323,5.981666966006791,1.143868705348702,8947455966.826962,5.976897019206923,2.3907582547143797,1.436808768118216,0.4789362560394053,23.80096861621022,1,1.2964216962016908,0.2160702827002818,16.205861594929694
NGC4013,3,172.9,10.597113543892805,12.136729476470302,36,36,0,True,6.851208925247192,15899311.532572253,11.009718553621694,61.435581109203156,1.806928856153034,68.60261898611537,20320.025367560836,499.99999999999994,1.3384339753172796,27.6628215605031,0.8382673200152455,38.41337837587143,52951.11284435534,499.99999998734586,1.0573236340749448,6890831760.925889,2.8791398601393987,0.2664998782459505,23.075842380005888,0.7691947460001962,44.57695601074255,52951.084668988464,499.99999999999994,1.057323777629466,2901607969.143898,0.9622998980526295,0.09026202006545989,3989223711.3342104,3.8242066517273474,0.14245193517803575,23.075842379999592,0.8546608288888738,55.32751282610458,0,27.6628215605031,0.8382673200152455,38.41337837587143
NGC3992,4,241.0,11.054865745013934,12.56939562437314,9,9,0,True,11.953336000442505,83956408.44547503,6.802959881289417,4.969325277036119,0.7099036110051599,9.363774431708558,6643930.635799106,19.986593488820354,1.3810578311474597,2.7791340399525457,0.4631890066587576,9.370807771961204,114476631.58373222,7.301866561008122,2.2255284551186903e-05,22573462184.635757,3.387550424795229,0.6689397044596076,2.7459609156385865,0.9153203052128621,15.929308379655904,5549228.81270717,23.0108448064367,1.1143749549127073,19671868705.49012,0.22314697790352725,0.07202398968725152,26631936318.301155,11.999999999999998,4.799999999999999,2.6882448553657343,2.6882448553657343,22.46326605139171,0,2.7791340399525457,0.4631890066587576,9.370807771961204
NGC4085,5,131.5,10.03590979845661,11.780121755125863,7,5,2,False,3.5582001209259033,27930684.413429018,6.09585682973553,1.2638826025043806,0.4212942008347935,4.482758427372581,307363.6421509347,499.99999999999983,0.748424745181575,1.1531458574143914,0.5765729287071957,5.981459594716692,9082907.097802997,499.99999999999994,1.0197438222687218e-21,1846713087.0141642,2.7581249956916496,0.1285949074972808,0.5653091569179083,0.5653091569179083,10.22193663152251,9079306.98732749,499.92568477360345,2.4314440080692853e-06,647349749.2960119,0.9999999998995782,0.2499999999749977,1201554124.8644507,2.9878507834816492,0.03822016411526736,0.565375288341397,0.565375288341397,15.050316500248298,0,1.1531458574143914,0.5765729287071957,5.981459594716692
NGC3109,9,66.2,7.986771734266245,10.885918464967634,25,25,0,True,53.03489112854004,21153866.804470573,4.6819461467899,3.427055384509307,0.14900240802214376,9.864807034245707,24835932.21793289,7.2160782949230535,3.6406851531429627e-16,4.831481768442702,0.21961280765648644,14.488109243047303,16772971.26234665,9.18730561786676,0.09418781732933301,172550372.21721908,1.8989170317112096,0.28758865504258085,2.3921570048725305,0.12590300025644896,21.705411954081733,5790382.186440535,14.01560571557182,0.3550274041392805,262317374.63107172,1.8514889304709827,0.3772035611025411,1274350846.1061995,4.24955592296518,1.1388277186254276,1.3414727296506632,0.08384204560316645,30.31135515346447,0,4.831481768442702,0.21961280765648644,14.488109243047303
NGC3893,5,174.0,10.466311426704682,12.144992241496334,10,10,0,True,41.496882915496826,69404693.34306891,5.128264918629717,2.826822144970502,0.3533527681213128,7.431992330958594,126981189.96369734,5.179446949836588,2.6690471844301552e-14,4.477124536659249,0.6395892195227499,11.384879815641387,47717245.24086499,8.374053249180387,7.169515870593043e-37,10206634414.104082,4.2629442937689745,0.9621091725760437,1.8555024599305057,0.4638756149826264,15.671013017894781,33092057.694343023,10.061206241338521,8.468653273369701e-30,7744792845.843226,5.999999999999999,1.6211680699247473,7440021453.216243,3.5913041915801958,0.31253521634347003,1.5693582423568178,1.5693582423568178,22.29262407930323,0,4.477124536659249,0.6395892195227499,11.384879815641387
NGC3972,4,132.7,9.855912689188244,11.79195726524184,10,10,0,True,27.674697875976562,68902651.00749058,3.895629850285015,6.28987082667114,0.7862338533338925,10.895041012659231,103426527.95852588,4.598045219392062,9.820213060575792e-17,5.302737389370335,0.7575339127671906,12.210492668352472,37722192.03256485,9.671497057597083,0.00032104011638553216,1804749553.9436302,1.7818551313844502,0.318294423395985,1.3745388832622232,0.3436347208155558,15.190049441226499,15060040.418875594,27.86443868979388,1.347199478096428e-12,3348144717.7629557,2.6995230168198643,0.8206045528501978,689171233.4639746,1.522152256918568,0.07127324194417688,0.6769676024993987,0.6769676024993987,21.400233439445813,0,5.302737389370335,0.7575339127671906,12.210492668352472
NGC4183,6,110.6,9.73391915101239,11.554609877554572,23,23,0,True,3.1281750202178955,64879272.25317342,3.436069326138445,8.067483288569333,0.38416587088425397,14.338471720427632,30392274.031239208,5.561013880960817,0.6921619696421574,3.17013644402897,0.1585068222014485,12.576619091816418,163624.9780542234,74.13171894848233,1.2701539051894661,5644564033.410702,4.067334146083313,1.6217858707488988,1.6224412277014215,0.0954377192765542,20.43540652327632,199577.62076450305,66.26747194560917,1.255899253135715,5599343678.354738,4.048689286794027,1.6183753873080042,1041139.9470705693,0.20785902188246475,0.061748425425974834,1.6256523781468544,0.1161180270104896,29.8451003215092,0,3.17013644402897,0.1585068222014485,12.576619091816418
F568-V1,7,112.3,9.281601443825656,11.574483765432907,15,15,0,True,72.32592701911926,114107756.41358398,2.992960829210267,0.6970514203787336,0.05361934002913335,6.113151822583154,230726598.5445908,2.8338885847443844,7.336592521486641e-16,1.1801429873636657,0.09834524894697215,9.304293590670296,211320440.3485606,2.7314918753407285,5.5431740556519113e-33,2872809296.0374656,4.262464623218211,1.2016836797692818,0.5505190800673448,0.06116878667414943,16.798820286680606,857122.2169513089,63.35913521851143,0.6066874301160186,3733663853.361541,2.11549812172142,0.6715827941685711,10449558461.266668,4.762797589020567,1.244190841391812,0.014207583884042583,0.0023679306473404307,24.386659393803935,0,1.1801429873636657,0.09834524894697215,9.304293590670296
NGC2976,5,85.4,9.226728756856993,11.21771810871555,27,24,3,False,63.67230987548828,83707766.50453162,3.3148266973941665,5.710983298814634,0.25959014994611973,12.067090959510526,89440662.97249736,6.473265728631189,2.1854611085499534e-16,5.844476669335381,0.27830841282549434,15.378638160379218,14529197.040331217,32.77724480221411,0.3784494558920407,129209541.24733512,1.1506986598295486,0.011670822830938747,3.8474235265108483,0.2137457514728249,22.915746508598524,14992606.003423484,21.806529704480056,0.41552302318036266,146984305.82924154,1.156661762807057,0.022660323622858802,490066004.0387197,2.407338963153371,0.44418528313622435,3.82596162558632,0.2550641083724213,32.42844609871783,0,5.844476669335381,0.27830841282549434,15.378638160379218
NGC5005,4,262.2,10.951143160107552,12.679242558710731,18,13,5,False,2.6274890899658203,31530823.501406174,11.57544586303026,0.344564739766785,0.03132406725152591,5.474463454689858,36056244.213907674,19.127466850904177,4.705623994897362e-19,0.38845227340471816,0.038845227340471813,8.083300345789329,18155359.16395533,48.13716662660601,0.0006117719564323459,7202446742.257733,4.17228042516888,0.7400983499419685,0.11560267168439849,0.016514667383485497,15.50529881645362,10479682.508530797,499.99999999999994,3.6791937127108256e-32,3717323147.882251,3.397971568978863,0.03407642080693383,10595947020.715689,5.473921765890407,1.1180640473189256,0.0156097311973022,0.00390243279932555,23.10015394835113,0,0.38845227340471816,0.038845227340471813,8.083300345789329
NGC5055,4,179.0,10.883439973667864,12.181903589588211,28,22,6,False,1.6430449485778809,8183646.681664014,15.641145206126094,190.57790347225583,9.528895173612792,196.75998837897245,12983076.134172462,17.179870484475096,9.748773699347075e-15,310.8142257732608,16.358643461750567,320.08735313333574,4865377.077568334,27.744460377842497,0.005305154678043581,37680444409.42934,11.999999999999998,2.7637467964996905,40.02250961113561,2.5014068506959757,58.56876433128551,7410365.521401278,22.069756950743717,2.979041101258809e-06,12979679168.82334,11.480335567296551,1.9533590136309826,12416041090.61603,11.999917836141329,2.1696624063769248,60.40500498599482,4.646538845076525,88.22438706621966,1,40.02250961113561,2.5014068506959757,58.56876433128551
NGC4157,3,184.7,10.722716167488494,12.22274518296926,17,15,2,False,12.003283262252808,8884756.266513513,15.855288177518501,3.554141893071545,0.2733955302362727,8.970242295275966,55497.78651777214,499.99999999999994,1.0643097737891074,1.4752972869039689,0.12294144057533074,9.599447890210598,7708262.969316886,29.505219545075274,1.9790739575519187e-08,5251433841.998637,2.0139075381915,0.47776044868260686,0.8419177316972362,0.09354641463302624,17.090218938310496,7706010.375521862,29.51281728008705,4.0768640706337655e-06,2625352845.0486393,1.0000000000000007,0.25000000000000017,2628872242.9140477,2.0,0.5,0.8419185358015768,0.14031975596692947,25.214370345721466,0,1.4752972869039689,0.12294144057533074,9.599447890210598
NGC5371,4,209.5,11.230950624806642,12.386896578555476,19,19,0,True,6.0994250774383545,80374395.42118196,4.415269584590223,208.40620858596165,12.259188740350686,214.29508654429452,1875.9008215635954,499.9999999999996,1.9002229671795525,81.89174103761395,5.118233814850872,90.72505797511327,61573.507046561914,499.99999999999994,0.831243273471514,21596593796.171036,2.6221555334724904,1.048862213388996,29.197785815477243,2.2459835242674804,46.864419690475884,183932.78471043243,499.99999994303573,0.4605793963745687,22612364621.940258,4.580610900359722,1.8322443601438887,6099458807.6198015,0.4301219800190923,0.15514820896114662,18.3520616325417,1.83520616325417,44.85201244503966,2,18.3520616325417,1.83520616325417,44.85201244503966
NGC5907,5,215.0,10.943061489536872,12.42065987639535,19,19,0,True,10.313436031341553,49664025.7852989,7.443288924833738,171.44686914593345,10.085109949760792,177.33574710426632,3664.4827696760062,499.99999999999613,1.881145470349073,49.332829887151185,3.083301867946949,58.166146824650504,5593.45122019937,499.99999999999994,1.7465163794461154,13745285298.316967,2.99999999926665,1.1999999996459942,43.59430021651658,3.3534077089628136,61.260934091515225,5473.185988091224,499.9999999999102,1.7537468323461858,6673610575.300616,1.888421019065029,0.22052481840880417,6235827071.212414,1.409384738979952,0.31155464541276245,43.61075049857906,4.361075049857906,70.11070131107702,0,49.332829887151185,3.083301867946949,58.166146824650504
NGC5985,3,293.6,11.018550716122284,12.826612650380634,33,33,0,True,2.940614938735962,310377223.0274871,4.242461338162654,111.89964540163491,3.6096659806979003,118.89266052456787,14528678.65616529,15.823527668783138,1.4102874038025566,79.44279386274503,2.648093128758168,89.93231654714448,29980.641730875268,273.893453815356,1.7886997382586098,24667190724.6166,5.754961740631038,0.07111699166525223,45.27661783608325,1.676911771706787,66.25566320488213,4326472.868843342,26.402381521779596,1.529040255642314,360529008.8755764,0.22885504457805214,0.004352870901986959,13309395134.62152,5.614022582522077,0.7211984341918383,55.148966271364515,2.2978735946401883,86.61753432456284,1,45.27661783608325,1.676911771706787,66.25566320488213
NGC4559,6,121.2,9.98625654359883,11.673852356139337,32,32,0,True,25.656356811523438,18051502.52404454,7.0082258549986385,7.37492521046933,0.24583084034897768,14.306397016068782,33679513.162438296,7.046517266463461,4.425246705133125e-19,7.792615119280755,0.268710866182095,18.189822827679933,37046463.68304603,4.492207697580772,0.285719633524137,18018579741.109566,11.451910287034984,3.0378077482535937,1.0311312578846055,0.039658894534023284,21.825546674682965,24681801.02453712,5.710733924357056,0.41922096324584046,11287743901.748177,11.990630002094308,2.2422445771823747,2766968070.313733,8.313586368712272,1.2070199804697188,0.9307515997099517,0.04046746085695442,32.12237472490749,0,7.792615119280755,0.268710866182095,18.189822827679933
NGC3521,4,213.7,10.627550187767522,12.412758063140744,41,41,0,True,79.97623610496521,71836502.73786022,5.665716212311973,30.90745341635111,0.7924988055474643,38.33459754975973,41075.9898824697,499.99999999999994,1.2970163273520694,9.044168646208869,0.23800443805812813,20.184884846321793,43470651.0589351,11.850931266439325,4.6388625562408595e-28,2490913923.3409896,1.0417086919619702,0.4166834767847879,2.7529296623978476,0.07865513321136708,25.034362062623693,44159042.27116144,11.715640369401713,3.0241122757641646e-19,1227937422.935821,0.741243285280821,0.12520367304244057,1195548164.1470501,1.3755700977894614,0.01389691952533041,2.2861223417751577,0.07144132318047368,35.70827094211393,0,9.044168646208869,0.23800443805812813,20.184884846321793
NGC6015,6,154.1,10.20586721288659,11.986752412803792,44,44,0,True,3.6321096420288086,166194728.66679484,3.000356773571081,661.7902808157957,15.756911447995135,669.3586600836322,25246042.3139268,7.752234441787415,0.9950374657515684,348.30926303342034,8.49534787886391,359.66183193517514,2059457.6923922477,27.642032895692694,1.1228329953083716,4820833353.990722,2.1623963309170913,0.6964066414721999,163.7439381707651,4.309051004493818,186.44907597427465,22905460.513104707,11.763563575670958,5.715673419588022e-14,2331062251.78872,1.0165298237020954,0.29623350811669513,6220799861.17835,2.654519948025316,0.41034333746234114,39.82699726070826,1.1379142074488076,73.88470396597262,2,39.82699726070826,1.1379142074488076,73.88470396597262
NGC4051,4,157.0,10.677917052328027,12.011043453876235,7,7,0,True,45.59292387962341,73617867.01300985,2.895883171321672,3.097312746515507,0.6194625493031014,6.989133044626133,166405510.811204,2.5620853790958065,6.193978175962011e-14,3.526083973051465,0.8815209932628663,9.363814420217405,919161.8248869692,499.99999999999994,2.6593559042559245e-35,11423301068.1996,4.2132453764824165,1.0932170815177815,0.7570400976586692,0.7570400976586692,12.432500991990548,2718450.624706219,13.29518565604586,0.5978136047437406,7910878308.7810955,4.006907135886103,0.8635165748815747,981562423.2862236,5.055383854559148,0.5782589103266466,0.9371483814409203,0.9371483814409203,18.45033972293874,0,3.526083973051465,0.8815209932628663,9.363814420217405
NGC4088,4,171.7,10.729513057900906,12.127655382131284,12,9,3,False,43.246999979019165,1960409.2286907334,199.99999999999997,1.6934401544791517,0.24192002206845026,6.087889309151591,1979301.1963170255,499.9999999999999,3.406077819757773e-19,1.71292282681638,0.28548713780273,8.304596558825038,1959222.2945954537,499.99999999999994,6.866443489069702e-35,347006360.4765115,0.2197430536744842,0.08637949608674407,1.6764882967159134,0.5588294322386378,14.85983576073323,1959222.424406609,499.99999999999994,1.789527613614446e-33,72648052.5642818,0.2182047243828431,0.0869280905406393,274356225.3499879,0.30909096296994854,0.12316866574174086,1.6764882967143502,1.6764882967143502,21.451509492740325,0,1.71292282681638,0.28548713780273,8.304596558825038
NGC6195,3,251.7,11.29123116882462,12.625994143293624,23,20,3,False,6.33937668800354,5685976.660105834,23.091938544987933,31.945113908157726,1.774728550453207,37.93657845526571,57714.68566482682,499.99999999999994,1.0405088244354652,17.812828204148754,1.0478134237734562,26.80002502481073,4777754.949099004,45.971557645307456,3.710483452206096e-34,4040043748.820815,2.2378600213902233,0.17203106759980033,6.389674999871137,0.45640535713365266,24.364068641195082,4778343.243419695,45.96477864232751,9.516978219384924e-07,1834937700.2520893,2.3896895957810087,0.1807826291565032,2204742675.2084227,0.8253831861291816,0.225051415888321,6.389676192092725,0.5808796538266114,33.35126665407864,1,6.389674999871137,0.45640535713365266,24.364068641195082
NGC7331,3,239.0,11.098004791250704,12.558538199492949,36,28,8,False,3.6457200050354004,7273057.142712636,23.2551071564545,12.214042573437359,0.46977086820912917,18.878451593787766,8067811.114832952,32.98090494755261,0.11657203861255769,10.702955783109356,0.42811823132437427,20.699569313634967,7092842.174372073,40.06139211510773,3.6954013286039336e-14,11012060420.526224,9.680251270518406,0.13980318064082883,7.554867766285644,0.3434030802857111,27.548094827336865,7078211.90403629,39.9304670065003,0.0041494718147310535,10911019124.118172,9.700564058543824,0.1878212343777395,49465791.29819575,2.2614898613593795,0.049547152842546446,7.5756856560989085,0.39872029768941625,37.56552624767574,0,10.702955783109356,0.42811823132437427,20.699569313634967
IC2574,9,66.4,8.70586371228392,10.889848734752588,34,34,0,True,106.38647675514221,4475181.534475452,10.817278803042761,41.820531571161084,1.3068916115987839,48.87325262039341,247571.51168119104,499.99999999999847,0.49826427170729864,28.851117768243583,0.9306812183304382,39.43019934209207,2300620.200745779,220.24722512611558,1.0682826598617295e-13,335890831.547875,2.4514841745199933,0.7093904445022489,13.386568645009898,0.47809173732178206,34.54473179270687,1989698.8625127452,499.99999999999994,3.128989197267664e-16,409531774.49603236,2.5362756182712984,0.748069702952706,316627229.80034786,5.999999999999999,0.060000000000000005,8.80861956101905,0.352344782440762,40.54586428256451,1,13.386568645009898,0.47809173732178206,34.54473179270687
NGC6674,3,241.3,11.030708990148176,12.571016462374892,15,15,0,True,9.840791940689087,33300736.642531417,10.95584262702054,276.95636964053284,21.304336126194833,282.37247004273723,4745.4709436215435,499.99999999999636,1.9090757070586877,87.53152181323655,7.29429348443638,95.65567241654318,8388.374062707477,499.9999999999998,1.7003411773857557,49775303530.053375,2.9723598777013933,0.04794521391955777,55.41828686466246,6.157587429406941,71.66658807127573,13682.33255271944,499.99999999999994,1.5195973732734234,40761441643.919586,2.999787580359073,0.06275831671781257,40776439305.8678,2.995458348943638,0.03719558690134836,48.33807810507017,8.056346350845027,72.71052991499006,1,55.41828686466246,6.157587429406941,71.66658807127573
NGC6946,6,158.9,10.519650828475031,12.026716188270672,58,55,3,False,9.898442029953003,32683758.160595324,6.345145121323888,63.22039086185041,1.19283756343114,71.23505723231536,52507424.53778347,7.1467489790367935,7.779053139150071e-16,69.80231067737391,1.3423521284110367,81.82431023307132,24128502.60477738,11.352177443397316,0.0027583156940313453,4955205267.054952,4.212560401072006,0.38141218108050146,35.22818302494557,0.7189425107131749,59.2721821363404,24344150.65436807,11.26137243160516,2.5900795749097182e-11,2789108391.0845046,3.991090428480391,0.2688748633011997,2243580854.1285286,4.580716941564628,0.31008129511697446,34.8782442823729,0.7582227017907152,70.94424294946513,1,35.22818302494557,0.7189425107131749,59.2721821363404
UGC01281,8,55.2,8.246744709723842,10.64916172983613,25,25,0,True,4.54131293296814,28422769.01329979,3.307517251855521,3.8827705206797685,0.16881610959477253,10.320522170416169,37273950.66376819,4.500958438168482,4.443219083111014e-17,4.778987519492794,0.21722670543149067,14.435614994097396,19281484.403964672,4.924637456984754,5.99485384145426e-20,1072294830.7668915,2.5200136667678645,0.7508551288548414,0.3964688383826586,0.02086678096750835,19.709723787591862,178093.83655616184,499.99999997708494,0.580535356394159,56498342.82372485,1.0834238944500036,0.2374678023270273,1392056486.32077,2.563260014094671,0.7433614170389178,0.2132647162212784,0.0133290447638299,29.183147140035082,0,4.778987519492794,0.21722670543149067,14.435614994097396
UGC02885,5,289.5,11.304840450521027,12.8082902008389,19,19,0,True,10.255906820297241,16215113.58514762,18.07981860821555,75.25319532011615,4.426658548242126,81.14207327844903,17006.73752922283,499.9999999999961,1.5904732143838918,23.91096901366701,1.4944355633541881,32.74428595116633,3323833.81904425,45.48779320408189,0.7870502717063245,12649529524.549026,0.20500000935575846,0.0022960001047844978,6.676203206746642,0.5135540928266648,24.342837081745284,2786890.0164135084,53.895309872077675,0.6358853651666785,13678573788.04528,0.2078944990818661,0.002268731613638544,39029392143.39404,11.327495624455054,0.13536357271223776,4.343634618419513,0.4343634618419513,30.84358543091748,1,6.676203206746642,0.5135540928266648,24.342837081745284
NGC7814,2,218.9,10.571295298417532,12.44408178135233,18,16,2,False,21.1709041595459,74634046.06913996,6.08373185275065,9.931330907937996,0.7093807791384282,15.476508352417557,151377298.68710563,5.796403330648157,2.2924809734357184e-15,9.600780326860228,0.738521563604633,17.91854649357957,18475242.25014113,20.67145025788096,9.899581346331149e-15,32428721267.4069,5.647507349456374,1.7918466691680155,0.6804253757961229,0.06804253757961229,17.31595770923481,7123137.713897087,25.144743497748323,0.7075495964650375,19457035417.27478,5.648903515471545,1.322466107421436,22474447.00592747,0.91432452394334,0.06082389059184564,1.4465511941821003,0.2066501705974429,26.39984969434013,1,0.6804253757961229,0.06804253757961229,17.31595770923481
UGC02259,8,86.2,8.935759103745312,11.229866294122672,8,8,0,True,19.824503898620605,203486442.4701315,1.5996568703829896,13.843928519745662,2.3073214199576104,18.002811603105332,20932658.81993709,4.786559681383422,1.1483583538042745,4.128462430874849,0.8256924861749699,10.366787055914356,3126.951583456332,499.99999999999983,1.6142673059603276,839573914.9999981,2.0631416613378004,0.0882757519093384,0.6203878520494955,0.31019392602474777,13.097037102128509,6930.798381021916,282.181410954992,1.6365683127182409,914765570.0001531,2.0885115271988006,0.14756724857621278,721339101.4831555,6.872187266904629,0.7932167818178549,0.09784192066708604,0.09784192066708604,18.812815795785607,0,4.128462430874849,0.8256924861749699,10.366787055914356
UGC00128,8,129.3,9.77887447200274,11.758140071289716,22,22,0,True,26.571354150772095,17939881.336496934,8.257130688783494,144.0624311984953,7.203121559924765,150.24451610521191,1853936.8398053348,23.651222185222927,1.205016750053592,48.492970148968304,2.5522615867878056,57.76609750904325,7574915.629527212,14.362382158924895,0.5835379641030242,5192459770.413255,5.3939357071468965,1.7881298262573924,44.296764545990214,2.7685477841243884,62.84301926614011,12622241.932881335,11.935538336289595,0.30809049136289723,3376328606.894399,6.340211108136666,0.3746540965837122,2739366891.7112474,3.6407511888096433,0.35282610987209,43.73283296678883,3.3640640743683714,71.55221504701368,0,48.492970148968304,2.5522615867878056,57.76609750904325
UGC04325,9,90.9,9.00560944536028,11.299036146314435,8,8,0,True,2.879491090774536,309717964.8227429,1.3598912390115743,2.471587516344346,0.4119312527240577,6.630470599704017,575795003.2075009,1.3407163629257006,1.9639168630715376e-15,7.216716483040846,1.4433432966081692,13.455041108080353,117656141.10035014,2.597138584738727,0.197348814800546,1687807626.6398191,1.5217573081534828,0.5223958077430155,0.11932259651729496,0.05966129825864748,12.595971846596308,25525624.064892698,4.624418411780822,0.9099885526713498,263195326.1826649,2.1869142512568738,0.10577253444670769,1171410624.1698523,1.4415845898899793,0.21528444567803318,0.11802108785163118,0.11802108785163118,18.83299496297015,1,0.11932259651729496,0.05966129825864748,12.595971846596308
NGC0891,3,216.1,10.83991777567868,12.427308797298258,18,14,4,False,136.44280982017517,17976546.83793766,12.00881272493963,32.86502009804569,2.738751674837141,38.14313475727621,25038140.70073284,15.582545162699097,1.8131151424185196e-15,37.405823498859235,3.4005294089872034,45.32299548770501,2568577.68973808,499.9999990166601,3.0948566250627085e-11,36880477673.61247,8.759725943997067,1.6211982809158278,2.4358905946835065,0.3044863243354383,18.270234572375056,13647564.996173903,20.468903880426936,7.794754678825544e-19,8622671321.635557,8.864414076310807,0.09352925895365666,8650823971.415298,8.775795879037132,0.10846211414142932,10.06609826267248,2.013219652534496,33.81761422920981,1,2.4358905946835065,0.3044863243354383,18.270234572375056
NGC3198,5,150.1,10.281930588086734,11.952486573378346,43,40,3,False,121.61006307601929,34345557.705943584,6.696269232646883,67.92943217247998,1.7876166361178942,75.30719108070785,47725012.30474272,7.087834310919734,0.22699620391016553,29.557777566544274,0.7988588531498453,40.62441592888608,1267728.6144520738,31.50773229694807,1.1181934846073975,17352188530.585506,8.470948629068202,3.254036316489697,19.052813304358356,0.5603768618928928,41.18609002904198,2277157.7555666356,27.47718033043023,0.6852080646628345,3322217731.621579,3.003756374341531,0.7091728817233666,24499232390.066,8.976358905423583,3.3151342324056086,12.48067278165734,0.40260234779539805,45.680587868682764,0,29.557777566544274,0.7988588531498453,40.62441592888608
UGC05253,2,213.7,10.933441730094035,12.412758063140744,73,73,0,True,2.433701276779175,39012764.32691596,9.095506771915426,100.20842293279412,1.411386238490058,108.7893418150909,75466708.58331278,8.833022616807686,3.0439055702772446e-16,157.94811977471232,2.256401711067319,170.8194980981575,76285363.7498669,8.383196980818656,2.174098521534608e-28,13959169166.441967,11.999999999999991,0.12000000000000002,94.52430407128578,1.4108105085266536,120.26706071817613,74289888.57735635,8.315983087220593,1.0564544052456296e-30,9924435385.761684,11.787597067225597,0.20144799060492238,9797592148.012753,11.787413670310958,0.2014466772579359,87.97232338875979,1.3745675529493717,126.5864583590953,1,94.52430407128578,1.4108105085266536,120.26706071817613
UGC05721,7,79.7,8.424064525417489,11.127719460836872,23,23,0,True,3.5941686630249023,480354016.59642833,1.0180381905481086,8.247929219199657,0.3927585342476027,14.518917651057956,1032135167.0822091,0.9120117070553277,7.341946403920096e-17,10.242553672937886,0.5121276836468943,19.649036320725337,171999555.623149,1.7299761089803882,0.6570100236314483,792880556.6143646,1.3263425763511971,0.15054426996168266,1.5075245988638835,0.08867791758022844,20.320489894438783,49582601.64673097,3.136141075272213,0.6646862827229159,151201360.60741007,0.42050548261356396,0.14062627019822183,1273826439.2538037,1.3412195455898603,0.23179690910694947,0.8216512692334084,0.05868937637381488,29.041099212595757,0,10.242553672937886,0.5121276836468943,19.649036320725337
UGC05716,9,73.1,8.468347330412158,11.015096627522116,12,12,0,True,3.7714219093322754,37074584.083573036,3.176756421096815,25.47697642821966,2.547697642821966,30.44678972779566,15012441.151273951,5.656015890747898,0.7182709099003812,11.764627985264227,1.3071808872515807,19.219347934628228,5167568.250325707,7.698032727666143,1.1075726870031557,1390534133.7831771,5.984709287268149,1.0530357277103866,2.475273372783403,0.41254556213056714,17.384713271511405,1937.047431594118,499.99999999999994,1.5485022377364102,2130792842.4485977,6.037899383042411,1.0993129551739227,981322903.5446655,2.9845014188171213,1.1938005675268484,1.8620470985764719,0.6206823661921573,24.226206946668476,1,2.475273372783403,0.41254556213056714,17.384713271511405
NGC5033,5,194.2,10.742367653317965,12.288092173364491,22,20,2,False,85.1065628528595,50744914.102036096,7.330155046448135,44.54004314249016,2.4744468412494536,50.53150768959814,141521271.1049113,5.784810097673378,1.037795787412797e-16,62.07284164098219,3.651343625940129,71.06003846164417,127807912.19209279,6.001736084470591,2.3664307457316743e-10,4933196485.003777,11.357635303004962,0.13572374187090946,60.313237854158324,4.308088418154166,78.28763149548227,49786801.246175505,8.394577514706345,0.2733953708903774,15688987679.583885,11.999999999999998,4.505324363293855,16042538953.828827,11.999999999999943,4.488438545668964,46.92197995009564,4.265634540917786,73.88357041208155,0,62.07284164098219,3.651343625940129,71.06003846164417
UGC06446,7,82.2,8.693726948923647,11.167959949268685,17,17,0,True,3.4070982933044434,120532190.91265559,1.9559427760410233,6.74434446357872,0.44962296423858134,12.410771151691153,58003208.80636292,3.241871244302331,0.6455381326480009,2.7950052488145594,0.19964323205818282,11.29464528098321,125345791.11013846,2.5973503844021657,5.007455548411235e-15,401113681.5400714,0.9117986983816546,0.24812034137159092,1.291003686701872,0.117363971518352,18.29028375103917,27902292.186826445,4.325542128891158,0.7095473523260634,413055133.1346998,1.1206620164645846,0.0897122128677902,923361524.1038903,4.16420360991416,0.41604956873717847,0.3348862011498288,0.0418607751437286,25.833806297655773,0,2.7950052488145594,0.19964323205818282,11.29464528098321
UGC06667,6,83.8,8.844166410450201,11.193076552539363,9,9,0,True,3.0588161945343018,60055514.2209283,3.0951804936464526,0.6595284031508328,0.09421834330726184,5.053977557823272,94932451.18435976,3.475263846296789,1.2785137484636583e-19,1.911709593372537,0.3186182655620895,8.503383325381195,96290435.13991837,3.170989486212968,5.0163824218272035e-33,1073778119.052281,3.6330392731025047,0.6034143729538716,0.21260846344201612,0.07086948781400537,13.395955927459333,41884261.19852092,4.770991218099116,5.783837434864128e-05,2570562716.519064,3.573280772577791,1.087971108439473,226886172.08485577,0.9674981311831585,0.10970359064937467,0.09141379885249078,0.09141379885249078,19.866434994878464,0,1.911709593372537,0.3186182655620895,8.503383325381195
NGC2841,3,284.8,10.97340728300738,12.78696445154299,50,50,0,True,159.9483618736267,169084788.14057884,6.0484655032770345,335.6955832061903,6.993657983462298,343.5196292170466,39194.23905816316,224.6559192932955,1.8449792912003624,91.77105102553693,1.9525755537348284,103.50712004182137,12049.94387499121,499.99999999999994,1.7124592091223587,49999999999.99991,5.999999999999999,2.3044331854047027,65.67993678843155,1.492725836100717,89.15207482100043,22167.514726689136,327.4970590424059,1.7724779532049293,32033916542.51849,5.999169712960183,1.771767403392592,13675782.670690741,1.3504401205736145,0.10021206811179426,68.73325739114814,1.676420911979223,103.94146444000145,1,65.67993678843155,1.492725836100717,89.15207482100043
NGC4100,4,158.2,10.472712578972017,12.020963934133508,24,24,0,True,106.62545704841614,128980625.71041389,3.7370849069448067,13.496874279724352,0.613494285442016,19.852981940420243,326280299.0279222,3.0972280340103504,2.7038648724797973e-15,15.386367326178245,0.7326841583894402,24.920528817222085,429589082.3897284,2.525649296367594,7.157256276414419e-17,10469336143.346807,9.622365417495322,0.0972743252135154,8.165743511466836,0.4536524173037131,27.23406649355451,169409412.5315794,3.3720026871772704,0.11474700249083425,19341759065.31301,9.750184827726779,1.2959736660117969,7162950780.5123005,3.4955451742715478,0.14673982885168707,3.87172792799732,0.25811519519982135,32.47421240112883,0,15.386367326178245,0.7326841583894402,24.920528817222085
UGC06818,9,71.2,8.899820502427096,10.980784477559103,8,8,0,True,2.7122931480407715,7671381.836309597,20.83513394224521,7.264004239313554,1.2106673732189257,11.422887322673226,7537788.2649900345,58.72354924587116,9.33243572072341e-17,7.345330894903524,1.469066178980705,13.583655519943031,2456015.399580366,499.999999999973,0.03335766436988842,3004947010.7850075,4.058167165946031,0.6161480864207598,0.8901957529078273,0.44509787645391363,13.36684500298684,2364251.9211682137,1.1785493551531845,0.03885402229372562,5201826278.808288,5.474762735781238,1.6613163067760555,2404928222.4645452,4.039293671179721,0.5897112129389793,0.9930466914399037,0.9930466914399037,19.708020566558424,1,0.8901957529078273,0.44509787645391363,13.36684500298684
NGC0300,7,93.3,9.164650215934296,11.332989427888034,25,25,0,True,172.4209680557251,45866159.05511878,3.7878764309626924,13.417073404253959,0.5833510175762591,19.85482505399036,52167310.26677768,4.758350312553372,0.1727831908836874,9.363647280171651,0.4256203309168933,19.020274754776253,30607.716498649977,499.99999999999994,1.1206625637664285,1816703099.005904,3.0811334401839408,0.7684306075117061,6.839093985189254,0.3599523150099607,26.152348934398457,95231133.63392061,3.016760668538381,0.0018210456303917155,1188227363.1982198,3.2169982520476585,0.0638778000097953,3848445449.452339,8.776939676489517,0.468028753154361,2.6279816648845298,0.1642488540552831,31.597864088698334,0,9.363647280171651,0.4256203309168933,19.020274754776253
UGC06930,7,107.2,9.64991871873542,11.513928852718788,10,10,0,True,5.426102876663208,51726143.91696869,3.689289726918375,1.4052984799738863,0.1756623099967358,6.010468665961978,104690970.437453,3.4688324014159866,2.1575888300550126e-16,1.2138403120294492,0.17340575886134987,8.121595591011587,36672495.05587233,5.8254579991374635,4.631390027320903e-06,2808388587.970654,2.889377790891369,0.7868950597712158,0.06382613248447228,0.01595653312111807,13.879336690448747,7693389.784209322,10.519106817463596,0.7274681628825378,714329865.6769382,8.753340124664703,0.16289776508031076,2638886299.9973726,3.3551118320609126,0.25850701999115316,0.048001662316971255,0.048001662316971255,20.771267499263384,0,1.2138403120294492,0.17340575886134987,8.121595591011587
UGC07125,9,65.2,9.132259689531043,10.866087283844294,13,13,0,True,2.630631923675537,9598136.649243286,4.759320910416555,2.7123942852943324,0.24658129866312112,7.842293000217406,18725308.33237485,4.607646165654486,5.2973013505287025e-15,4.356422444035753,0.43564224440357535,12.051270516420363,14663230.952606834,4.5901060127131,2.1392627258708218e-35,1624982981.021632,6.894658993461699,2.1278588422078335,2.317619169798287,0.3310884528283267,17.70731531456751,210237.70813007932,499.9999999999468,1.4542181526004224e-12,5081244400.617465,7.11484708021391,2.581121810994214,554248791.7948836,2.846707574541268,0.16058019624960485,1.377184913726327,0.34429622843158175,24.46172913088016,0,4.356422444035753,0.43564224440357535,12.051270516420363
UGC07151,6,73.5,9.05766610390983,11.02220651390112,11,11,0,True,3.065429925918579,123576781.24042875,1.5734537237516102,8.151040613303108,0.9056711792559009,12.94683115889985,204785658.1243309,1.6949660331630723,2.2940081979974923e-18,12.031538610857222,1.5039423263571527,19.225224429252336,14200534.472006187,6.312351188014109,0.544437299238494,635406180.6218809,1.2853604709579933,0.25861837031626134,0.07310907361502712,0.014621814723005425,14.460480710405252,18067064.96335597,5.500610832028231,0.4943821496096199,620776685.1072227,1.2824074029110886,0.25468539147380664,176912400.13247433,5.509839619283358,0.06466019074517809,0.06647022263050242,0.03323511131525121,21.64752767781584,1,0.07310907361502712,0.014621814723005425,14.460480710405252
UGC07261,8,74.7,8.942751920429814,11.04330630209473,7,7,0,True,3.4877870082855225,153922409.00894353,1.4913866829472762,1.8622060134283807,0.37244120268567615,5.754026311539008,1479900.1234914137,14.63166833109828,1.375298897667664,0.09108214859156215,0.022770537147890537,5.928812595757502,8052081.232828396,5.905877826842041,1.2349668318257765,589927725.3477927,4.674580919983501,0.12160455433762939,0.0012009294273191845,0.0012009294273191845,11.676661823759199,28794462.560358968,3.1799786170431026,1.0407921653705843,355182482.9997447,4.347767761989597,0.050477251152163755,969946848.8559784,5.1983669738610745,1.2183502449522112,2.2678502562522e-25,2.2678502562522e-25,17.51319134149782,0,0.09108214859156215,0.022770537147890537,5.928812595757502
UGC04499,8,72.8,8.889861721258189,11.009738634587643,9,9,0,True,53.58502697944641,37702725.706593014,3.0157201954813275,1.702587110912451,0.24322673013035015,6.09703626558489,62996447.45630896,3.249253613132919,1.5795393025810603e-16,2.659789979816879,0.4432983299694799,9.251463711825537,32824105.787094496,4.688681943887986,7.316297301538425e-16,513990278.66080135,1.8858220716750775,0.18852213100457502,1.0278425072232635,0.34261416907442116,14.21118997124058,35524350.93760997,4.157678494841693,0.00353936030854794,690156843.2433857,3.935405482293161,1.111349905942721,318295516.22082037,1.8039602918054742,0.1474802856640555,0.8821610996617087,0.8821610996617087,20.657182295687683,0,2.659789979816879,0.4432983299694799,9.251463711825537
UGC07399,8,103.0,8.76192783842053,11.461856170764053,10,10,0,True,4.919130325317383,315072952.3993158,1.5284799482477989,7.083375422958619,0.8854219278698274,11.688545608946711,504717383.2923172,1.6344175219854,0.05556262541533737,3.131572044048233,0.44736743486403324,10.03932732303037,13204266.771937704,11.102859891061714,0.7134671402856554,1720507890.5166025,1.4120450888629044,0.549961337450877,0.06725807152379312,0.01681451788094828,13.88276862948807,31254983.34427533,6.916424970881471,0.5156307858168019,1684165079.2177792,1.3866191084168076,0.5545222431323777,406075058.83071333,5.587713149705413,0.09839146988155088,0.04826177386266022,0.04826177386266022,20.771527610809073,0,3.131572044048233,0.44736743486403324,10.03932732303037
UGC06917,9,108.7,9.533517862016968,11.532033128907418,11,11,0,True,20.611265182495117,56228968.734049864,3.652262665166753,1.7605224412812719,0.195613604586808,6.556312986878013,93480689.92999113,3.9570687913941334,1.4912603873897512e-17,2.88995443465767,0.3612443043322088,10.083640253052781,4638660.362098582,63.59584215899609,7.274454987158238e-13,7188065353.99614,3.5716567600832754,1.3854182777468165,0.22463695935644612,0.044927391871289225,14.61200859614667,34326.24123068923,495.73065981893353,1.1139201820674107,3606965242.9322114,3.505673079622251,0.9626257482966256,16282750.140036128,11.99997121240695,0.12235080191282036,0.2591198477912873,0.12955992389564366,21.840177302976624,0,2.88995443465767,0.3612443043322088,10.083640253052781
ESO116-G012,7,109.1,9.331629717629932,11.53681874841356,15,15,0,True,191.96892380714417,66532905.7684749,3.638672747809424,10.1336856149725,0.7795142780748077,15.54978601717692,107621560.73162478,4.012252904954603,1.7073039323981096e-16,12.474252530584634,1.0395210442153862,20.598403133891264,56968357.51089289,4.815694454195608,0.2882888197350122,2138067661.0298607,3.7144552394259684,0.04285927569599862,5.954321915547328,0.6615913239497031,22.20262312216059,3372326.704970219,19.793001507158973,0.8777200971017088,901246860.3807056,1.8655845252373002,0.02842700273783712,3202320001.050238,3.714630692588171,0.0433749494349903,2.547210488518144,0.42453508141969065,26.919662298438034,0,12.474252530584634,1.0395210442153862,20.598403133891264
UGC06983,6,109.0,9.423081958297232,11.535623990470404,17,17,0,True,19.58308982849121,78748790.74962184,3.1921395356935975,6.351340534229941,0.423422702281996,12.017767222342373,160768427.1866316,2.996463234390606,2.0822453768160804e-16,6.405627263900421,0.45754480456431573,14.90526729606907,71771121.80089128,4.475294454982146,4.4226302865193104e-20,1977059413.2403378,2.557848360355032,0.06700217952616679,1.9267217933072918,0.17515652666429926,18.92600185764459,71771210.55600332,4.475291407117793,7.41940660773203e-15,933320324.806361,2.5302642565347315,0.11622695060827355,1043736629.95814,2.5108139749000773,0.11441146094058006,1.92672179332913,0.24084022416614126,27.425641889835074,0,6.405627263900421,0.45754480456431573,14.90526729606907
UGC04278,7,91.4,8.815245591916563,11.306183083850028,25,25,0,True,62.9660587310791,23021821.73712196,6.38081438112491,14.896481053810673,0.6476730892961162,21.334232703547073,505233.4519212179,499.9999999999822,0.6173458248588127,10.06055419650002,0.4572979180227282,19.71718167110462,104149620.72368003,1.762055542095398,1.2239448550308262e-16,6301504010.362016,4.7001285147728,0.9021779610876545,0.9222849165044706,0.04854131139497214,20.235539865713672,92998491.69113724,2.0004550337209674,1.5571024683308776e-32,5054067676.683646,4.914712232420746,0.784494204471758,864115673.6607238,3.6967630853155833,0.2627156538416659,0.5145379613073481,0.032158622581709255,29.48442038512115,0,10.06055419650002,0.4572979180227282,19.71718167110462
UGC03205,2,219.6,10.754508872657953,12.448241503982697,48,46,2,False,68.76875901222229,131969710.8000182,4.583007942006561,333.4954240845363,7.579441456466734,341.1527068775145,5124.02792516667,499.9999999999448,1.8038919523892631,92.15878036084027,2.143227450252099,103.64470455030755,28579455.274170674,13.04845456460616,0.0006010856292115759,25248938004.66804,3.161784130372265,0.9435334662681577,39.80008869366073,0.9950022173415183,62.77193707259531,33998.74707658051,259.3815936701816,1.568933451493556,6359623136.79572,3.054554218180343,0.4085079817120565,5700483479.270957,3.419563722716167,0.5167550383016226,47.14273997595068,1.2741281074581265,81.60051254435254,1,39.80008869366073,0.9950022173415183,62.77193707259531
NGC2403,6,131.2,9.70074697141346,11.77714600176746,73,73,0,True,188.52099514007568,81962139.25436457,3.705781476857178,1351.0329186893694,19.028632657596752,1359.6138375716662,5407583.4995859,15.692272968814851,1.04007596575974,345.2616295543975,4.9323089936342495,358.13300787784266,254885.70897184123,75.83465074965322,1.3234091555815002,3810543748.4626393,3.9239410767676146,0.27538180169095383,163.28051310589407,2.437022583670061,189.02326975278442,9787544.550681105,13.964386348315017,0.5340202524829426,919912404.3950944,0.9324436002741465,0.3671996484109379,4803554011.893162,3.912289418049221,0.4321604888114253,50.974919461944104,0.7964831165928766,89.58905443227962,2,50.974919461944104,0.7964831165928766,89.58905443227962
NGC6503,6,116.3,9.807704112938383,11.62008364083388,31,31,0,True,99.23442101478577,45670002.34893084,4.502265851842735,73.85803114800663,2.546828660276091,80.72600555697693,60824757.939559124,4.850628583397509,0.30131121341232353,47.9831972608959,1.7136856164605678,58.28515887435134,50256875.18325254,5.608859940680092,0.010910491953893922,3132414993.3993397,3.2481714493985945,0.4445062181616239,19.633963031422965,0.7853585212569186,40.237886258333845,16122.08486736955,490.1750814760743,1.1572697462137245,4699726393.108727,3.360527735904124,0.57324046391156,12872088059.831165,8.377469222827688,3.348862772871109,11.920895698437265,0.5418588953835121,42.82678053880358,1,19.633963031422965,0.7853585212569186,40.237886258333845
UGC07603,7,61.6,8.27415784926368,10.79208663314181,12,12,0,True,11.161060810089111,129718010.0026597,1.5347719742460764,2.034207454953488,0.2034207454953488,7.004020754529488,206387613.72146922,1.7111657636671482,7.898894175679709e-15,4.612268864729252,0.5124743183032502,12.066988814093254,41083804.26557889,3.941569644960659,0.16258971564486263,668828544.6626532,1.3648176278565518,0.43448812219508254,0.22752768107423854,0.03792128017903976,15.136967579802242,27719557.649659377,6.144271429665476,1.417368441989197e-11,877590114.5180424,1.4261173167699404,0.45704812884977614,39112323.51424776,0.6192714832862589,0.1660303308778087,0.11196965729246512,0.037323219097488376,22.47612950538447,0,4.612268864729252,0.5124743183032502,12.066988814093254
UGC10310,9,71.4,8.93976877545335,10.984439131977055,7,7,0,True,5.367456912994385,71054724.11144112,2.136004763138074,0.46800799113785146,0.09360159822757029,4.359828289248478,127354904.39349812,2.1649073090566686,9.351240363139543e-15,1.2199071463632487,0.3049767865908122,7.057637593529188,217810.12881954655,338.3612145307436,0.5483855467365272,2820465644.8233,2.6006647868021364,1.000625315614781,0.014824130709528722,0.014824130709528722,11.690285025041408,5535609.579711771,8.98633407769991,0.5527230119000125,727759117.2632613,1.5949520038818856,0.5133972783700665,1198306321.1737294,2.9990435375877853,0.5450761368828303,0.030426438361205135,0.030426438361205135,17.543617779859023,0,1.2199071463632487,0.3049767865908122,7.057637593529188
UGC08286,6,82.4,8.797613730153076,11.171126131739882,17,17,0,True,15.284392833709717,154726364.47215495,1.7864702257581546,18.577299210048995,1.2384866140032664,24.24372589816143,309680703.8257967,1.6870295412410403,1.0225457012689656e-16,15.70296280369413,1.1216402002638663,24.202602835862777,92608101.86297572,3.1048294207902702,3.656144131288259e-16,1011549742.8405991,1.3393658708528777,0.38978777424396555,0.406014685979334,0.03691042599812127,17.40529475031663,94985168.21096373,3.0626812150158846,6.569695005397744e-33,903251340.8831558,1.390047435917879,0.3294281941537656,83893040.44937924,0.6117129436162616,0.11374771019346006,0.3652487286615711,0.04565609108269639,25.864168825167514,1,0.406014685979334,0.03691042599812127,17.40529475031663
F583-1,9,85.8,8.69284691927723,11.22380636019465,25,25,0,True,205.91015791893005,25830814.683669746,4.588203947974259,4.480803244329108,0.19481753236213512,10.918554894065508,39026176.69238253,5.307277599153154,1.4256882317529894e-18,10.660052730955329,0.4845478514070604,20.31668020555993,23093775.238327734,6.176626085526221,4.1167090825376466e-32,2230910899.9959693,3.8502208897956374,1.1585303903775641,3.2075327723886953,0.16881751433624712,22.520787721597898,10423833.42607199,9.289666269791736,0.0005039444848362013,735365764.0789417,2.2767567829729036,0.5644562184855371,3709211286.8174148,4.724880786518758,1.4098300450727346,1.822067863025889,0.11387924143911807,30.791950286839693,0,10.660052730955329,0.4845478514070604,20.31668020555993
UGC12506,6,234.0,10.843765194483272,12.530992068878962,31,31,0,True,2.805624008178711,135150576.0153283,5.468180200017451,21.004223962861687,0.7242835849262651,27.872198371831978,11466140.971515758,16.044117167400202,1.2906392418923769,3.952782776771371,0.1411708134561204,14.254744390226811,98568132.34827088,7.383976696303027,0.40703478675937443,8062815349.071179,1.2718836048051316,0.5087534419220526,3.5721885139414242,0.14288754055765696,24.176111740852303,163675581.21162853,6.253077882085251,0.00030180443536294846,6414113489.473929,0.9465461119320243,0.2135204511321942,6661040034.501611,2.6934372989688296,0.2436721648429098,3.0625059207737753,0.13920481458062614,33.96839076114009,0,3.952782776771371,0.1411708134561204,14.254744390226811
NGC4217,3,181.3,10.62991394409642,12.19853790893506,19,11,8,False,139.06806993484497,9356679.91970346,15.395859625808223,5.469146145032296,0.6076829050035885,10.264936690629037,11817379.050995456,22.441628181361008,2.8947533210644417e-19,5.768537497733864,0.721067187216733,12.962223316128977,2076044.3653176564,499.99999999999994,1.6546079739902017e-21,21482926523.443768,9.328676267340429,0.912119610429249,0.25663283509239443,0.05132656701847889,14.644004471882619,17162006.58137362,12.898846907659703,5.618574076095207e-06,3369173608.9010367,10.197762165429403,0.13135987764501278,3498173705.1842613,9.231532203827896,0.1726126412123477,3.5690112707953903,1.7845056353976951,25.150068725980727,0,5.768537497733864,0.721067187216733,12.962223316128977
NGC0055,9,85.6,9.364363354615731,11.220765790679994,21,21,0,True,208.9534227848053,11695677.523069194,6.798098936105254,9.175799315767469,0.48293680609302464,15.264844191214316,16255589.360506637,8.653749085909881,4.8621787747285473e-17,17.716363320442586,0.9842424066912547,26.849930633612857,12660067.628897319,9.960121599612894,0.005965580743571136,539322166.0716811,2.999113678456791,0.2098408255119422,12.489594389563395,0.832639625970893,30.756729015903936,13958328.462364309,9.381372515257617,0.0013014679802854838,284320460.79572564,2.9978784648366483,0.23283296289076644,89847803.3554526,2.9998703273690928,0.23502518274202197,13.083325274574108,1.090277106214509,40.48402721408492,0,17.716363320442586,0.9842424066912547,26.849930633612857
UGC08550,7,56.9,8.159867847092567,10.688681295833748,11,11,0,True,23.3535737991333,130583136.97762643,1.3060817675626135,8.470169969934732,0.9411299966594147,13.265960515531473,146887267.28715658,1.577473636906688,0.24649080696234216,4.412632544410398,0.5515790680512997,11.60631836280551,87198969.3465959,2.229118687222336,2.4142482486639096e-11,228158406.95057374,0.785475111133522,0.24446271958865481,1.108033852670886,0.22160677053417718,15.49540548946111,278952448.9742664,0.9382592920420496,7.194411271746806e-05,171921696.58476165,0.9362309724330168,0.0910278603770973,1209736552.6642923,3.585050116694511,0.9162892117739238,0.2597733897479134,0.1298866948739567,21.84083084493325,0,4.412632544410398,0.5515790680512997,11.60631836280551
UGC12632,9,71.7,8.813247300897604,10.989901963651937,15,15,0,True,14.032140016555786,42024086.910916165,2.8508320535667573,0.8544147562417708,0.06572421201859775,6.270515158446191,81747261.61276194,2.7515090004783787,1.2943382434943777e-18,1.210053163898842,0.10083776365823684,9.334203767205471,67196570.00293481,3.000622731985165,8.139501825804623e-18,264244574.49056244,2.5123771479017045,0.261409300997684,0.45637549756264056,0.05070838861807117,16.7046767041759,6131273.507900887,7.95965903032862,0.7982098624452322,725473215.2107133,4.200197543493061,0.8389421859249289,457857112.5984829,2.1885090820796305,0.09919941036776367,0.18695519055117146,0.031159198425195243,24.55940700047106,0,1.210053163898842,0.10083776365823684,9.334203767205471
UGC02916,2,182.7,10.792927222529496,12.208560138706147,43,32,11,False,114.0814118385315,22918577.021688893,9.84778869552034,90.25378935962408,3.008459645320803,97.18526116522354,38217326.39739107,10.601202920797737,7.349447723212879e-16,114.56872761807253,3.9506457799335353,124.96593532647171,9789723.863036707,17.168284428995157,4.130933035519369e-19,32539061503.446526,7.905155292679735,1.4287053375488203,19.017536793683252,0.7314437228339712,39.81195221048161,6558918.429513758,18.976133257835265,0.4284358717254644,15314338416.26603,8.82181868447037,1.3754581637648748,11248610255.79965,7.2027482632453275,0.7033136510100003,17.74193011062511,0.7713882656793526,48.93355323582264,1,19.017536793683252,0.7314437228339712,39.81195221048161
UGCA442,9,56.4,7.845098040014257,10.67718180859856,8,8,0,True,22.144565105438232,32126557.52234792,2.8423077746000938,3.6808134062434474,0.6134689010405746,7.839696489603119,41979953.66818307,3.46397985031206,0.08567153506859658,3.7113425511038587,0.7422685102207718,9.949667176143365,31507919.250184562,3.1883522585493926,3.3171857590087684e-18,1561510885.5901074,3.53987971014155,1.2318685527850584,0.13645887956181763,0.06822943978090881,12.613108129640832,6164729.80866644,7.19063946466319,0.691833874431192,597775629.1925578,3.7521005894522093,0.13604075270956756,328442583.0150046,2.143914964732919,0.0723904648199313,0.20189989294936386,0.20189989294936386,18.916873768067884,0,3.7113425511038587,0.7422685102207718,9.949667176143365
UGC08699,2,182.4,10.400555257218906,12.206418998625727,41,37,4,False,46.174439907073975,124603644.35626377,3.8185638018329855,111.56490003705592,3.187568572487312,118.78673586234437,2118351.7945477283,28.02412068094832,1.3360102273944983,17.388601641301342,0.5114294600382747,28.221355379234016,19761491.368738495,11.188617940700471,0.7695279912854464,1933003139.999528,1.6789762799229304,0.1472289402243046,13.781240216467465,0.4445561360150795,35.44674769233281,14446787.90774202,12.68155403821115,0.8742766471265067,1631017697.9154954,1.7128592275389747,0.07566168238332192,88035730.9855608,0.20002229213572192,0.0026803733454417757,13.835153717744936,0.49411263277660483,46.333414931542954,0,17.388601641301342,0.5114294600382747,28.221355379234016
UGC05986,9,113.0,9.370605600938148,11.582579827098794,15,15,0,True,98.51947402954102,91297952.76094882,3.3007454747617166,11.319809577100516,0.8707545828538859,16.735909979304935,143635499.21084037,3.721078957070679,2.575770860308143e-19,24.78363879867947,2.0653032332232892,32.9077894019861,95740501.12817061,3.717740965069881,9.030200187666471e-05,5437187287.187768,3.614549909044515,1.0530789316725584,4.00231518449258,0.4447016871658422,20.25061639110584,118443564.73989119,4.019315360903089,4.619929842736897e-05,441469372.70035595,2.7123030618299135,0.041583007017824414,605814368.1844767,2.530404909828414,0.09639601167869007,17.34843143281256,2.8914052388020934,41.720883242732455,1,4.00231518449258,0.4447016871658422,20.25061639110584
UGC11914,2,288.1,10.875142324129556,12.801974271489774,65,63,2,False,57.626625061035156,1541227469.8658829,1.3891576830597625,499.3676840241256,8.186355475805337,507.65395347690867,14697.021641415779,499.99999999999994,1.6646820584709954,162.56324178167156,2.7093873630278593,174.99264596084618,6744.257127585619,494.00819166656834,1.796671419649596,49999877211.119125,8.31807476760611,1.042776378707552,22.18846930480028,0.3892713913122856,47.04727766314947,27991279.964602005,499.99999999999994,1.260050829811382e-34,8560222972.591898,2.7052391228414567,0.7440905758622555,9509252865.112453,1.0042791977553607,0.4017116791021442,8.181056788620724,0.1515010516411245,45.46926932614451,2,8.181056788620724,0.1515010516411245,45.46926932614451
UGC06399,9,85.0,9.059941888061957,11.211601273791413,9,9,0,True,122.85927200317383,45804276.82686186,3.484253485968203,0.3300738521825696,0.0471534074546528,4.724523006855009,71704592.60901928,3.9852172153813172,2.448521868918435e-17,1.0436577338970734,0.17394295564951223,7.635331465905732,50426222.500006594,4.489421429650152,4.1623451283826536e-05,1338263432.406577,3.388152925076908,1.059681799564929,0.3518495908631033,0.11728319695436777,13.53519705488042,3191046.206207431,499.9999999999872,3.411523930880806e-14,3053478166.3978577,4.20599155633841,0.7913350857492271,1971587094.646798,2.149002173393748,0.714961216771305,0.0055515789913288295,0.0055515789913288295,19.780572775017305,0,1.0436577338970734,0.17394295564951223,7.635331465905732
UGC08490,9,78.6,8.706290957258764,11.109612134766758,30,30,0,True,81.73116683959961,245232919.52241558,1.4014739333078134,18.526990526265372,0.6616782330809061,25.329385289589684,91251387.66838522,2.424141647931074,0.7971332159954163,2.574693620990054,0.09535902299963163,12.77828576597652,21507890.774992626,4.377404280959912,1.0915528328166821,402230993.69741493,1.4178046018742458,0.2831748488807966,1.041850481964042,0.04341043674850175,21.449034771936972,52912944.01415213,2.7170908679732753,0.5248850565263978,1139218925.8186498,1.4460066948126116,0.5784026779250446,3177996525.6065316,5.460977134031741,2.184390853612696,0.39200042922254896,0.018666687105835664,31.002776864181946,0,2.574693620990054,0.09535902299963163,12.77828576597652
NGC5585,7,90.3,9.16776026643563,11.290407747589052,24,24,0,True,196.6168339252472,30063114.47920072,4.483990376163463,113.780269166104,5.171830416641091,120.1363768267999,22454592.116871856,7.269494800394795,0.261349130941279,121.63021961161486,5.791915219600708,131.1643811026587,57681.44202896396,499.99999998593483,0.8784943779059847,5049339643.35922,4.015309922066161,1.2268490672085617,68.81836619536622,3.8232425664092347,87.8866891774539,17037977.535722155,9.340445729487186,0.000326410414141931,32268788.63077849,0.23998433942304997,0.075949171949964,2273828555.263476,3.105680599636005,0.7134261975182559,25.826612595173366,1.7217741730115577,54.42909706830488,2,25.826612595173366,1.7217741730115577,54.42909706830488
UGC06787,2,248.1,10.691329084374113,12.607224789465162,71,55,16,False,160.4939260482788,75771162.21711752,7.041693376425534,1787.4728633310115,33.7259030817172,1795.4875297014764,1197448.8168628316,54.82444612821181,1.3357194842235471,1475.0718676105314,28.36676668481791,1487.0938671662288,148430.29814694377,499.99999999999994,0.9315960670988581,49999999999.99999,6.525646459511729,1.9787822311524819,617.5337075530774,12.602728725573009,641.5777066644722,770252.9749594773,224.77195954266648,0.6017376102155099,49960981420.34117,7.518330660922758,1.2831067838140786,13229393951.621338,1.6293049748298047,0.04568775287744048,435.70830867294336,9.471919753759638,471.7743073400356,2,435.70830867294336,9.471919753759638,471.7743073400356
UGC02953,2,264.9,11.113137489948498,12.692590371540229,115,106,9,False,214.98017716407776,108304655.54269873,6.560198421119699,1122.7158600644607,10.795344808312121,1132.0427382526848,19304906.590863727,15.189408275409185,1.0377556845358924,595.6484303224787,5.782994469150279,609.6387476048149,17764685.832087215,17.329550420444978,0.7177791337711474,31589519236.12372,5.869323429715019,1.2970917256120722,275.8474771117232,2.758474771117232,303.8281116763956,68459215.88428473,10.535111396376607,0.00020511160440870338,37101025319.187164,5.640924101655329,1.3914138214483422,1024359501.0299506,0.20000000000000004,0.08000000000000002,212.8680104861186,2.1945155720218414,254.8389623331272,2,212.8680104861186,2.1945155720218414,254.8389623331272
UGC11455,6,269.4,11.27221535695892,12.714537270809435,36,33,3,False,149.78522872924805,20793124.78957508,13.367139427378138,56.908853156464794,1.8357694566601546,63.90186827939775,9351176.625100141,25.188097022656553,0.5249541370919658,49.60597363355757,1.653532454451919,60.09549631795701,3765753.808885742,38.86224696543178,0.725137012961405,11131042335.496117,9.838666933061774,0.7013986354656185,43.094619024967926,1.596097000924738,64.0736643937668,23974287.88885421,17.8205744028005,6.264908833275319e-16,5346458186.8490925,3.6997814418943653,0.05924295758056794,1000000.4096146678,0.3319767886226881,0.12433729618117557,45.561376702761606,1.8983906959484003,77.02994475595993,0,49.60597363355757,1.653532454451919,60.09549631795701
UGC09133,2,226.8,11.150642863909232,12.490273647311142,68,64,4,False,160.01158094406128,21487368.110928282,13.141313426264984,671.706258767234,10.833971915600548,680.0240249339533,27471356.229753636,13.957646557834359,0.3460879757730683,474.40939215876233,7.777203150143645,486.8860414088413,16004546.911325755,17.488022010579105,0.4277210620110635,20247863201.427723,7.508934226434304,1.0702846834411923,350.83269580236055,6.04883958279932,375.7859943025186,21359700.360062342,15.930792857702638,0.20229008713529764,5245955.886540487,5.999999999999999,0.060000000000000005,26367955952.66962,5.999999999999999,0.5428249134477315,352.8677074239181,6.415776498616693,390.2976551741551,1,350.83269580236055,6.04883958279932,375.7859943025186
UGC09037,6,152.3,10.535382742526886,11.971444206656662,22,19,3,False,163.87006402015686,4474451.360945748,20.96699912069974,8.51012856907907,0.5005957981811218,14.39900652741195,5541342.58656222,31.036846242879374,2.1632944776788435e-19,10.231119403961056,0.639444962747566,19.06443634146038,3213085.6271868693,41.299816111267596,7.959058812644674e-15,14608573996.74482,11.999999999999998,2.509223843712786,5.965970659895209,0.4589208199919392,23.63260453489385,3948195.9455867703,35.50451402604027,0.0023392421484226674,5179300039.610612,11.999999999999998,1.7745845685425465,5498348535.841648,11.999999999999998,3.0082346088492304,6.320433694710771,0.6320433694710771,32.820384507208736,0,10.231119403961056,0.639444962747566,19.06443634146038
UGC07524,9,79.5,9.085647288296856,11.124445882617945,31,31,0,True,186.1886260509491,31553758.97443482,3.6000872037576017,6.7584188276040145,0.2330489250897936,13.626393236574307,52361006.927607134,3.8783305691846346,1.0008484774878322e-15,7.627996249759615,0.2724284374914148,17.929957863215055,35480404.42546377,4.5462329119701685,0.14056710043302434,275534259.1856341,2.9999999999999996,0.17368669012955143,6.4874106928572015,0.25949642771428805,27.091333919768083,30848379.653158505,4.1543146397096296,0.2768013670476456,723508252.4954407,3.5124539399040007,0.33580856505321055,1124032662.820375,5.875383826514072,0.9803996088600556,2.1093980942206447,0.09588173155548385,33.01528293458696,0,7.627996249759615,0.2724284374914148,17.929957863215055
